zone,formation,organisme,ville,adresse,duree,prochaine_session,site_web,email_principal,emails_trouves,email_source,email_confiance,telephone_principal,telephones_trouves,certifiante,financement,type_formation,objectif,contenu,validation,url_detail,url_listing,status_scrape
22,Titre professionnel secrétaire assistant médico-administratif (FOAD),OPENCLASSROOMS,75004 Paris,Formation a distance | 75004 Paris | France,Durée de 1084 heures (dont 280 heures en entreprise),Prochaine session,https://plmpl.fr/c/zFjGj,inscription@openclassrooms.com,inscription@openclassrooms.com,france_travail,100,0180888030,0180888030,Certifiante,Formation financée par France Travail,À distance,,"7 projets professionnalisants vous permettront d'acquérir les compétences citées au dessus par la pratique.Vous réaliserez les projets suivants :P1 - Démarrez votre formation de secrétaire assistant médico-administratifP2 - Niveau 1 : Maîtrisez l'accueil et la gestion administrative en milieu médicalP3 - Niveau 2 : Développez vos compétences en rédaction, communication et outils numériques en milieuP4 - Réalisez votre mission en entrepriseP5 - Niveau 3 : Optimisez l'organisation, la sécuritéet la gestion des données sensibles en milieu médicalP6 - Niveau 4 : Améliorez la gestion des communications, données et environnements sanitairesP7 - Préparez votre fin de formation de secrétaire assistant médico-administratif | Validation | Type de validation : | Diplôme autres ministères | Certification :",Type de validation : | Diplôme autres ministères | Certification : | Titre professionnel secrétaire assistant médico-administratif,https://candidat.francetravail.fr/formations/detail/11120327/true/false/true/true,https://candidat.francetravail.fr/formations/recherche?filtreEstFormationEnCoursOuAVenir=formEnCours&filtreEstFormationTerminee=formEnCours&ou=DEPARTEMENT-22&range=110-119&tri=0,ok
22,Formation au concours d'ATSEM,OPENCLASSROOMS,75004 Paris,Formation a distance | 75004 Paris | France,Durée de 346 heures,Prochaine session,https://plmpl.fr/c/zFjGj,inscription@openclassrooms.com,inscription@openclassrooms.com,france_travail,100,0180888030,0180888030,,Formation financée par France Travail,À distance,,"5 projets professionnalisants permettront au stagiaire d'acquérir par la pratique les compétences recquises. Chaque livrable enrichira son portfolio qu'il pourra valoriser auprès des recruteurs. Il réalisera les projets suivants : Projet 1 - Démarrez votre formation de préparation au concours ATSEM ; Projet 2 - Comprenez les institutions et le fonctionnement de l'école maternelle ; Projet 3 - Approfondissez le développement et les besoins des enfants de 0 à 6 ans ; Projet 4 - Maîtrisez la santé, la sécurité et les contours du métier d'ATSEM ; Projet 5 - Préparez-vous pour le concours ATSEM. | Organisme | OPENCLASSROOMS | Lieu de la formation | Formation a distance",,https://candidat.francetravail.fr/formations/detail/11120328/true/false/true/true,https://candidat.francetravail.fr/formations/recherche?filtreEstFormationEnCoursOuAVenir=formEnCours&filtreEstFormationTerminee=formEnCours&ou=DEPARTEMENT-22&range=110-119&tri=0,ok
22,Concours d'atsem (FOAD),Centre européen de formation,75004 Paris,Formation a distance | 75004 Paris | France,Durée de 522 heures (dont 261 heures en entreprise),Prochaine session,https://plmpl.fr/c/zFjGj,info@cenef.fr,info@cenef.fr,france_travail,100,0366060201,0366060201,,Formation financée par France Travail,À distance,,"Programme obligatoire Développement moteur de l'enfant Développement psychique de l'enfant Anomalies du développement de l'enfant Statut juridique de l'enfant et de la famille Cadre politique et administratif de la France Accidents et maladies infantiles Hygiène et confort de l'enfant de 0 à 6 ans Aménagements et équipements des espaces de vie du jeune enfant Hygiène et entretien des équipements Activité d'éveil et de jeux Accueil de la petite enfance Nutrition Préparation des repas Annales Programme complémentaire Le métier d'ATSEM : connaissances techniques Hygiène et Nutrition Développement de l'enfant et jeux Le cadre administratif et juridique de la France"" | Organisme | Centre européen de formation | Lieu de la formation | Formation a distance",,https://candidat.francetravail.fr/formations/detail/11122762/true/false/true/true,https://candidat.francetravail.fr/formations/recherche?filtreEstFormationEnCoursOuAVenir=formEnCours&filtreEstFormationTerminee=formEnCours&ou=DEPARTEMENT-22&range=110-119&tri=0,ok
22,CAP accompagnant éducatif petite enfance,Centre européen de formation,75004 Paris,Formation a distance | 75004 Paris | France,Durée de 1496 heures (dont 490 heures en entreprise),Prochaine session,https://plmpl.fr/c/zFjGj,info@cenef.fr,info@cenef.fr,france_travail,100,0366060201,0366060201,Certifiante,Formation financée par France Travail,À distance,,"Le programme obligatoire de la formation est le suivant : BC01 - ACCOMPAGNER LE DEVELOPPEMENT DU JEUNE ENFANT Développement moteur de l'enfant Développement psychique de l'enfant Anomalies du développement de l'enfant Statut juridique de l'enfant et de la famille Protection sanitaire et sociale de l'enfant et de la famille Anatomie et Physiologie Maintien de l'intégrité de l'organisme Accidents et maladies infantiles Hygiène et confort de l'enfant de 0 à 6 ans BC02 - EXERCER SON ACTIVITE EN MILIEU COLLECTIF Aménagements et équipements des espaces de vie du jeune enfant Hygiène et entretien des équipements Information et communication Activités d'éveil et de jeux BC03 - EXERCER SON ACTIVITE EN ACCUEIL INDIVIDUEL Accueil de la petite enfance Nutrition et préparation des repas BC07 - PREVENTION SANTE ENVIRONNEMENT Prévention, santé, environnement, tome 1 Prévention, santé, environnement, tome 2 MATIERES GENERALES Français Mathématiques Sciences Histoire - Géographie - Enseignement moral et civiques Des cours facultatifs, conçus pour enrichir l'apprentissage de l'élève, sont prévus : Epreuves blanches EP1, EP2, EP3, PSE , Matières générales Livret assistante maternelle | Validation | Type de validation : | Diplôme autres ministères | Certification :",Type de validation : | Diplôme autres ministères | Certification : | CAP accompagnant éducatif petite enfance,https://candidat.francetravail.fr/formations/detail/11122788/true/false/true/true,https://candidat.francetravail.fr/formations/recherche?filtreEstFormationEnCoursOuAVenir=formEnCours&filtreEstFormationTerminee=formEnCours&ou=DEPARTEMENT-22&range=110-119&tri=0,ok
22,Préparation au concours d'ATSEM,AFEC,75004 Paris,AFEC (Siège) | Formation a distance | 75004 Paris | France,Durée de 385 heures (dont 105 heures en entreprise),Prochaine session,https://plmpl.fr/c/zFjGj,,,introuvable,0,,,,Formation financée par France Travail,À distance,,"Formation individualisée et accompagnée par un formateur coach dédié, comprenant les modules suivants Modules d'enseignement : - Accompagnement du développement de l'enfant de 2 à 6 ans - Préparation aux épreuves du concours - Examens blancs En complément de la formation : - Remise à niveau numérique - Plan d'action et bilan de formation - Posture professionnelle de l'ATSEM - Techniques de recherche d'emploi et de stage - Accompagnement à la suite de parcours | Organisme | AFEC | Lieu de la formation | AFEC (Siège)",,https://candidat.francetravail.fr/formations/detail/11124184/true/false/true/true,https://candidat.francetravail.fr/formations/recherche?filtreEstFormationEnCoursOuAVenir=formEnCours&filtreEstFormationTerminee=formEnCours&ou=DEPARTEMENT-22&range=110-119&tri=0,ok
22,Préparation à l'entrée en institut de formation d'aide-soignant,Leo Lagrange Formation,75004 Paris,Formation a distance | 75004 Paris | France,Durée de 207 heures (dont 35 heures en entreprise),Prochaine session,https://plmpl.fr/c/zFjGj,contact@ifra.fr,contact@ifra.fr,france_travail,100,0472892042,0472892042,,Formation financée par France Travail,À distance,,"Module 1 - Remise à niveau numérique préparatoireObjectifs : -Se connecter à une plateforme?de formation à distance -Se repérer et naviguer sur une plateforme de formation -Se connecter à une classe virtuelle avec micro et caméra Module 2 - Remise à niveau - FrançaisObjectif: Améliorer ses capacités rédactionnelles? rédiger, synthétiser, résumer, commenter Module 3 - Remise à niveau - MathématiquesObjectif: Utiliser les bases des mathématiques dans sa pratique professionnelle Module 4 - Remise à niveau - BiologieObjectif: Maîtriser les bases de la biologie nécessaires à l'entrée en école d'aide-soignant Module 5 - Compétences numériquesObjectif : Être autonome sur l'outil numérique Module 6 - Connaissance du secteur sanitaire et du métier d'aide-soignantObjectifs :Connaître son environnement professionnel -Connaître son futur métier Module 7 - La relation d'aideObjectif: Acquérir les bases de la communication pour bien travailler en équipe et prendre en charge les personnes accompagnées Module 8 - SoftskillsObjectifs: -Développer et savoir mobiliser ses savoir-être professionnels? faire preuve d'autonomie, travailler en équipe, organiser son travail, gérer son stress, avoir le sens du service... -Acquérir les gestes et postures professionnels en adéquation avec les attentes actuelles du marché de l'emploi Module 9 - Aide à l'admissionObjectifs:Anticiper son entrée en école d'aide-soignant -Savoir se présenter et présenter son projet professionnel Module 10 - Accompagnement à la recherche de stageObjectifs:Comprendre l'environnement professionnel -Rechercher une offre de stage -Préparer sa prise de contact Module 11 - Accompagnement au retour à l'emploiObjectifs:Être outillé pour réussir sa recherche d'emploi -Mettre à jour son profil compétencesModule 12 - Stage en entrepriseObjectif : Mieux appréhender l'environnement professionnel de la filière santé et soin | Organisme | Leo Lagrange Formation | Lieu de la formation | Formation a distance",,https://candidat.francetravail.fr/formations/detail/11128404/true/false/true/true,https://candidat.francetravail.fr/formations/recherche?filtreEstFormationEnCoursOuAVenir=formEnCours&filtreEstFormationTerminee=formEnCours&ou=DEPARTEMENT-22&range=110-119&tri=0,ok
22,Préparation à l'entrée en institut de formation d'infirmier,Leo Lagrange Formation,75004 Paris,Formation a distance | 75004 Paris | France,Durée de 228 heures (dont 35 heures en entreprise),Prochaine session,https://plmpl.fr/c/zFjGj,contact@ifra.fr,contact@ifra.fr,france_travail,100,0472892042,0472892042,,Formation financée par France Travail,À distance,,"Module 1- Remise à niveau numérique préparatoire Objectifs:Se connecter à une plateforme de formation -Se repérer et naviguer sur une plateforme de formation -Se connecter à une classe virtuelle avec micro et caméra Module 2 - Remise à niveau - Français Objectif: Améliorer ses capacités rédactionnelles? rédiger, synthétiser, résumer, commenter Module 3 - Remise à niveau - Mathématiques Objectif :Utiliser les bases des mathématiques dans sa pratique professionnelle Module 4 - Remise à niveau - Biologie Objectif :Maîtriser les bases de la biologie nécessaires à l'entrée en école d'infirmier Module 5 - Compétences numériques Objectif:Être autonome sur l'outil numérique Module 6 - Connaissance du secteur sanitaire, de la petite enfance et du métier d'auxiliaire de puériculture Objectif:Connaître son environnement professionnel -Connaître son futur métier Module 7 - La relation d'aide Objectif :Acquérir les bases de la communication pour bien prendre en charge les personnes Module 8 - Softskills Objectifs : -Développer et savoir mobiliser ses savoir-être professionnels? faire preuve d'autonomie, travailler en équipe, organiser son travail, gérer son stress, avoir le sens du service.Acquérir les gestes et postures professionnels en adéquation avec les attentes actuelles du marché de l'emploi Module 9 - Aide à l'admission Objectifs: -Anticiper son entrée en école d'infirmier -Savoir se présenter et présenter son projet professionnel Module 10 - Accompagnement à la recherche de stage Objectifs:Comprendre l'environnement professionnel -Rechercher une offre de stage -Préparer sa prise de contact Module 11 - Accompagnement au retour à l'emploi Objectifs: -Être outillé pour réussir sa recherche d'emploi -Mettre à jour son profil compétences? Stage en entrepriseObjectif: Mieux appréhender l'environnement professionnel de la filière santé et soin | Organisme | Leo Lagrange Formation | Lieu de la formation | Formation a distance",,https://candidat.francetravail.fr/formations/detail/11128411/true/false/true/true,https://candidat.francetravail.fr/formations/recherche?filtreEstFormationEnCoursOuAVenir=formEnCours&filtreEstFormationTerminee=formEnCours&ou=DEPARTEMENT-22&range=110-119&tri=0,ok
22,CAP accompagnant éducatif petite enfance,OPENCLASSROOMS,75004 Paris,Formation a distance | 75004 Paris | France,Durée de 1350 heures (dont 490 heures en entreprise),Prochaine session,https://plmpl.fr/c/zFjGj,inscription@openclassrooms.com,inscription@openclassrooms.com,france_travail,100,0180888030,0180888030,Certifiante,Formation financée par France Travail,À distance,,"11 projets professionnalisants permettront au stagiaire d'acquérir par la pratique les compétences recquises. Chaque livrable enrichira son portfolio qu'il pourra valoriser auprès des recruteurs. Il réalisera les projets suivants : Projet 1 : Démarrez votre formation d'Accompagnement Educatif Petite Enfance ; Projet 2 - Préparez un environnement sécurisé pour le jeune enfant ; Projet 3 - Développez des activités éducatives adaptées à la petite enfance ; Projet 4 - Appliquez les protocoles de santé dans le cadre de la petite enfance ; Projet 5 - Soutenez le personnel enseignant dans un contexte collectif ; Projet 6 - Améliorez les conditions d'accueil en école maternelle ; Projet 7 - Organisez l'accueil individuel au domicile ; Projet 8 - Gérez les tâches domestiques et la préparation des repas pour l'enfant ; Projet 9 : Proposer des solutions de prévention, santé et environnement ; Projet 10 : Remise à niveau scolaire ; Projet 11 : Préparez-vous pour l'examen final. | Validation | Type de validation : | Diplôme autres ministères | Certification :",Type de validation : | Diplôme autres ministères | Certification : | CAP accompagnant éducatif petite enfance,https://candidat.francetravail.fr/formations/detail/11120311/true/false/true/true,https://candidat.francetravail.fr/formations/recherche?filtreEstFormationEnCoursOuAVenir=formEnCours&filtreEstFormationTerminee=formEnCours&ou=DEPARTEMENT-22&range=110-119&tri=0,ok
22,Conseiller emploi et accompagnement professionnel,OPENCLASSROOMS,75004 Paris,Formation a distance | 75004 Paris | France,Durée de 1140 heures (dont 280 heures en entreprise),Prochaine session,https://plmpl.fr/c/zFjGj,inscription@openclassrooms.com,inscription@openclassrooms.com,france_travail,100,0180888030,0180888030,Certifiante,Formation financée par France Travail,À distance,,10 projets professionnalisants permettront au stagiaire d'acquérir par la pratique les compétences recquises. Chaque livrable enrichira son portfolio qu'il pourra valoriser auprès des recruteurs. Il réalisera les projets suivants : Projet 1 - Démarrez votre formation de conseiller emploi et évolution professionnelle ; Projet 2 - Accompagnez en parallèle de nombreuses personnes avec des besoins différents ; Projet 3 - Élaborez une veille et analysez le marché de l'emploi ; Projet 4 - Réalisez un diagnostic et co-construisez un plan d'action avec vos bénéficiaires ; Projet 5 - Adaptez votre posture pour l'accompagnement des bénéficiaires ; Projet 6 - Établissez et validez un projet d'accompagnement professionnel ; Projet 7 - Établissez un plan d'action et un bilan professionnel ; Projet 8 - Concevez un atelier sur les métiers émergents avec l'IA ; Projet 9 - Développez votre projet territorial avec des partenaires ; Projet 10 - Élaborez votre boîte à outils pour accompagner vers l'emploi. | Validation | Type de validation : | Titre inscrit sur demande au RNCP | Certification :,Type de validation : | Titre inscrit sur demande au RNCP | Certification : | Conseiller emploi et accompagnement professionnel,https://candidat.francetravail.fr/formations/detail/11120363/true/false/true/true,https://candidat.francetravail.fr/formations/recherche?filtreEstFormationEnCoursOuAVenir=formEnCours&filtreEstFormationTerminee=formEnCours&ou=DEPARTEMENT-22&range=110-119&tri=0,ok
22,CAP accompagnant éducatif petite enfance,AFEC (Siège),75004 Paris,Formation a distance | 75004 Paris | France,Durée de 1015 heures (dont 490 heures en entreprise),Prochaine session,https://plmpl.fr/c/zFjGj,paris@afec.fr,paris@afec.fr,france_travail,100,0153368844,0153368844,Certifiante,Formation financée par France Travail,À distance,,"Formation individualisée et accompagnée par un formateur coach dédié, comprenant des modules d'enseignement et des prestations d'accompagnement. Modules d'enseignement professionnel : - EP1 Accompagnement du développement du jeune enfant (cadre d'intervention, accompagnement à l'autonomie l'enfant) - EP2 Exercer son activité en accueil collectif - EP3 Exercer son activité en accueil individuel Modules d'enseignements généraux : - Prévention santé environnement - Enseignements généraux (Mathématiques et sciences, Histoire-Géographie-Citoyenneté et français) En complément de la formation : - Remise à niveau numérique - Techniques de recherche d'emploi et de stage - Accompagnement au retour à l'emploi 3 Stages en entreprise 14 semaines | Validation | Type de validation : | Diplôme autres ministères | Certification :",Type de validation : | Diplôme autres ministères | Certification : | CAP accompagnant éducatif petite enfance,https://candidat.francetravail.fr/formations/detail/11124191/true/false/true/true,https://candidat.francetravail.fr/formations/recherche?filtreEstFormationEnCoursOuAVenir=formEnCours&filtreEstFormationTerminee=formEnCours&ou=DEPARTEMENT-22&range=110-119&tri=0,ok
21,Certificat d'aptitude aux fonctions de directeur d'établissement ou de service d'intervention sociale (CAFDES),INSTITUT REGIONAL SUPERIEUR DU TRAVAIL EDUCATIF ET SOCIAL (IRTESS de Dijon),21000 Dijon,2 Rue Professeur Marion | http://www.irtess.fr | 21000 Dijon | France,Durée de 700 heures,Prochaine session,http://www.irtess.fr/,contact@irtess.fr,contact@irtess.fr,france_travail,100,0380726450,0380726450,Certifiante,Formation financée par la région,En centre,,"Domaine de formation / modulesDeux possibilités d'envisager le rythme de la formation : Le candidat s'inscrit dans une démarche d'acquisition de la certification globale (4 blocs de compétences) sur 27 mois de septembre de l'année N à novembre de l'année N+2 ; Le candidat s'inscrit dans une démarche d'acquisition de blocs de compétences selon un rythme choisi et négocié avec le centre de formation. La certification sera réputée acquise lorsque le candidat aura validé les 4 blocs de compétences.Rappel : les blocs de compétences sont acquis à titre définitif.Formation théoriqueLa formation théorique de 700 h est organisée en 4 blocs de compétences définissant 4 domaines de formation :BC1/DF1 : Participer à l'élaboration de projets stratégiques en lien avec la mise en uvre des politiques publiques (196 h)BC2/DF2 : Définir et piloter le projet d'établissement ou de service établissement ou service (154 h)BC3/DF3 : Manager et gérer les ressources humaines de l'établissement ou de service (196 h)BC4/DF4 : Gérer les volets économique, financier et logistique de l'établissement ou de service (154 h)Formation pratiqueLa formation pratique de 510 h (allègements possibles de 1/3 à 2/3 selon expérience, statut et fonction) Elle consiste en : 2 stages dans le cadre d'un parcours continu ; 1 stage par blocs de compétences dans le cadre d'un parcours discontinu (par blocs de compétences) | Validation | Type de validation : | Diplôme autres ministères | Certification :",Type de validation : | Diplôme autres ministères | Certification : | Certificat d'aptitude aux fonctions de directeur d'établissement ou de service d'intervention sociale,https://candidat.francetravail.fr/formations/detail/10941347/true/false/false/true,https://candidat.francetravail.fr/formations/recherche?filtreEstFormationEnCoursOuAVenir=formEnCours&filtreEstFormationTerminee=formEnCours&ou=DEPARTEMENT-21&range=110-119&tri=0,ok
21,Diplôme d'État d'infirmier(ière),INSTITUT DE FORMATION EN SOINS INFIRMIERS DE BEAUNE (IFSI de Beaune),21200 Beaune,Avenue Guigone de Salins | https://ifsi.hospices-de-beaune.com/ | 21200 Beaune | France,Durée de 4200 heures (dont 2100 heures en entreprise),Prochaine session,https://ifsi.hospices-de-beaune.com/,lst.sec.ifsi@ch-beaune.fr,lst.sec.ifsi@ch-beaune.fr,france_travail,100,0380244449,0380244449,Certifiante,Formation financée par la région,En centre,,"La formation en soins infirmiers s'articule autour de l'acquisition de 10 compétences :C1 : Évaluer une situation clinique et établir un diagnostic dans le domaine infirmierC2 : Concevoir et conduire un projet de soins infirmiersC3 : Accompagner la personne dans la réalisation de ses soins quotidiensC4 : Mettre en uvre des actions à visée diagnostique et thérapeutiquesC5 : Initier et mettre en uvre des soins éducatifs et préventifsC6 : Communiquer et conduire une relation dans un contexte de soinsC7 : Analyser la qualité des soins et améliorer sa pratique professionnelleC8 : Rechercher et traiter des données professionnelles et scientifiquesC9 : Organiser et coordonner des interventions soignantesC10 : Informer et former des professionnels et des personnes en formationDes unités d'enseignement en :UG 01. Sciences humaines et socialesUG 02. Sciences biologiques et médicalesUG 03. Sciences et techniques infirmières, fondements et méthodesUG 04. Sciences et techniques infirmières, interventionsUG 05. Intégration des savoirs et posture professionnelle infirmièreUG 06. Méthodes de travail | Validation | Type de validation : | Diplôme autres ministères | Certification :",Type de validation : | Diplôme autres ministères | Certification : | Diplôme d'État d'infirmier(ière),https://candidat.francetravail.fr/formations/detail/11022070/true/false/false/true,https://candidat.francetravail.fr/formations/recherche?filtreEstFormationEnCoursOuAVenir=formEnCours&filtreEstFormationTerminee=formEnCours&ou=DEPARTEMENT-21&range=110-119&tri=0,ok
21,Diplôme d'État d'assistant de service social (DEASS),INSTITUT REGIONAL SUPERIEUR DU TRAVAIL EDUCATIF ET SOCIAL (IRTESS de Dijon),21000 Dijon,2 Rue Professeur Marion | http://www.irtess.fr | 21000 Dijon | France,Durée de 3560 heures (dont 1820 heures en entreprise),Prochaine session,http://www.irtess.fr/,contact@irtess.fr,contact@irtess.fr,france_travail,100,0380726450,0380726450,Certifiante,Formation financée par la région,En centre,,"1 740 h de formation théorique et pratique réparties en 8 unités de formation, 12 mois de stage dont 6 mois au moins auprès d'un professionnel assistant de service social. | Validation | Type de validation : | Diplôme autres ministères | Certification :",Type de validation : | Diplôme autres ministères | Certification : | Diplôme d'État d'assistant de service social,https://candidat.francetravail.fr/formations/detail/11024875/true/false/false/true,https://candidat.francetravail.fr/formations/recherche?filtreEstFormationEnCoursOuAVenir=formEnCours&filtreEstFormationTerminee=formEnCours&ou=DEPARTEMENT-21&range=110-119&tri=0,ok
21,Diplôme d'État d'infirmier(ière),CROIX ROUGE FRANCAISE (Croix-Rouge Compétence (ex IRFSS) - Site de Quetigny),21800 Quetigny,2 Rue du Golf | http://irfss-bourgogne-franche-comte.croix-rouge.fr/ | 21800 Quetigny | France,Durée de 4200 heures (dont 2100 heures en entreprise),Prochaine session,http://irfss-bourgogne-franche-comte.croix-rouge.fr/,irfss.quetigny@croix-rouge.fr,irfss.quetigny@croix-rouge.fr,france_travail,100,0380481735,0380481735,Certifiante,Formation financée par la région,En centre,,"La formation en soins infirmiers s'articule autour de l'acquisition de 10 compétences :C1 : Évaluer une situation clinique et établir un diagnostic dans le domaine infirmierC2 : Concevoir et conduire un projet de soins infirmiersC3 : Accompagner la personne dans la réalisation de ses soins quotidiensC4 : Mettre en uvre des actions à visée diagnostique et thérapeutiquesC5 : Initier et mettre en uvre des soins éducatifs et préventifsC6 : Communiquer et conduire une relation dans un contexte de soinsC7 : Analyser la qualité des soins et améliorer sa pratique professionnelleC8 : Rechercher et traiter des données professionnelles et scientifiquesC9 : Organiser et coordonner des interventions soignantesC10 : Informer et former des professionnels et des personnes en formationDes unités d'enseignement en :UG 01. Sciences humaines et socialesUG 02. Sciences biologiques et médicalesUG 03. Sciences et techniques infirmières, fondements et méthodesUG 04. Sciences et techniques infirmières, interventionsUG 05. Intégration des savoirs et posture professionnelle infirmièreUG 06. Méthodes de travail | Validation | Type de validation : | Diplôme autres ministères | Certification :",Type de validation : | Diplôme autres ministères | Certification : | Diplôme d'État d'infirmier(ière),https://candidat.francetravail.fr/formations/detail/11028875/true/false/false/true,https://candidat.francetravail.fr/formations/recherche?filtreEstFormationEnCoursOuAVenir=formEnCours&filtreEstFormationTerminee=formEnCours&ou=DEPARTEMENT-21&range=110-119&tri=0,ok
21,Diplôme d'État d'infirmier(ière),INSTITUT DE FORMATION EN SOINS INFIRMIERS ET D'AIDES-SOIGNANTS DE HAUTE COTE-D'OR (IFSI-IFAS de Haute Côte-d'Or),21140 Semur-en-Auxois,3bis Avenue Pasteur | http://ifsi-semur-hco.fr | 21140 Semur-en-Auxois | France,Durée de 4200 heures (dont 2100 heures en entreprise),Prochaine session,http://ifsi-semur-hco.fr/,secretariat.ifsi@ch-semur.fr,secretariat.ifsi@ch-semur.fr,france_travail,100,0380896442,0380896442,Certifiante,Formation financée par la région,En centre,,"La durée est de 3 ans, sur la base de 35 heures / semaine.Soit 6 semestres, pour un total de 4200 heures : 2100 heures de formation théorique 2100 heures de formation cliniqueEnseignements théoriques réalisés sous la forme de : Cours magistraux Travaux dirigés Travaux personnels guidés Travaux de groupes Travaux pratiques Travaux de recherche en groupes ou individuelsEnseignement clinique : Il s'effectue au cours des périodes de stage.Les stages sont à la fois, des lieux d'intégration des connaissances construites par l'étudiant et des lieux d'acquisition de nouvelles connaissances par la voie de : l'observation la contribution aux soins la prise en charge des personnes la participation aux réflexions menées en équipe l'utilisation des savoirs dans la résolution de situation | Validation | Type de validation : | Diplôme autres ministères | Certification :",Type de validation : | Diplôme autres ministères | Certification : | Diplôme d'État d'infirmier(ière),https://candidat.francetravail.fr/formations/detail/11068856/true/false/false/true,https://candidat.francetravail.fr/formations/recherche?filtreEstFormationEnCoursOuAVenir=formEnCours&filtreEstFormationTerminee=formEnCours&ou=DEPARTEMENT-21&range=110-119&tri=0,ok
21,Diplôme d'État d'infirmier(ière),INSTITUT DE FORMATION EN SOINS INFIRMIERS DE DIJON (IFSI de Dijon),21000 Dijon,12 Boulevard marechal de Lattre de Tassigny | https://campus-paramedical.chu-dijon.fr/Filiere/infirmiers/ | 21000 Dijon | France,Durée de 4200 heures (dont 2100 heures en entreprise),Prochaine session,https://campus-paramedical.chu-dijon.fr/Filiere/infirmiers/,secretariat.ifsi@chu-dijon.fr,secretariat.ifsi@chu-dijon.fr,france_travail,100,0380293502,0380293502,Certifiante,Formation financée par la région,En centre,,"La formation comprend 36 matières réparties dans 59 unités d'enseignements. Les unités d'enseignements couvrent 6 champs : sciences humaines, sociales et droit sciences biologiques et médicales sciences et techniques infirmières, fondements et méthodes sciences et techniques infirmières, interventions intégration des savoirs et posture professionnelle infirmière méthodes de travailLa formation dure trois ans. Les enseignements sont répartis de la manière suivante : la formation théorique de 2 100 heures, sous la forme de cours magistraux (750 heures) travaux dirigés (1 050 heures) et travail personnel guidé (300 heures) ; la formation clinique de 2 100 heures le travail personnel complémentaire est estimé à 900 heures environ, soit 300 heures par anModules : UG 01. Sciences humaines et sociales UG 02. Sciences biologiques et médicales UG 03. Sciences et techniques infirmières, fondements et méthodes UG 04. Sciences et techniques infirmières, interventions UG 05. Intégration des savoirs et posture professionnelle infirmière UG 06. Méthodes de travail | Validation | Type de validation : | Diplôme autres ministères | Certification :",Type de validation : | Diplôme autres ministères | Certification : | Diplôme d'État d'infirmier(ière),https://candidat.francetravail.fr/formations/detail/11119576/true/false/false/true,https://candidat.francetravail.fr/formations/recherche?filtreEstFormationEnCoursOuAVenir=formEnCours&filtreEstFormationTerminee=formEnCours&ou=DEPARTEMENT-21&range=110-119&tri=0,ok
19,Employé(e) polyvalent(e) en restauration (TP) [HSP 1er NQ],GRETA DU LIMOUSIN,19100 Brive-la-Gaillarde,AFPA - CENTRE DE BRIVE | 53 Rue MAURICE ROLLINAT | 19100 Brive-la-Gaillarde | France,Durée de 1155 heures (dont 455 heures en entreprise),Prochaine session,https://greta-du-limousin.fr/,ce.gretadulimousin@ac-limoges.fr,ce.gretadulimousin@ac-limoges.fr | formations-brive@afpa.fr,france_travail,100,0685201025,0685201025,Certifiante,Formation financée par la région,En centre,,"TITRE PRO AGENT DE RESTAURATION Intégration - Entrée en formationPrésentation de l'équipe pédagogique et administrativeVisite des locaux de formation (salles et plateaux techniques)Intégration au groupeFormalisation du parcours de formationInstruction du dossier et sécurisation administrativeExplicitation du calendrier de l'alternance et de l'emploi du temps de formationLecture et explication du Règlement Intérieur - 3 hTITRE PRO AGENT DE RESTAURATION Présentation du métier - Présentation du secteur ""Hôtellerie-Restauration-Alimentation"" (HRA)Intervention d'un professionnel / témoignage d'anciens stagiaires - 7 hTITRE PRO AGENT DE RESTAURATION Les modalités de certification - Présentation des modalités de certificationLe référentiel de formation et de certification TITRE PROFESSIONNEL Agent de restaurationLe calendrier prévisionnel des épreuves - 4 hTITRE PRO AGENT DES RESTAURATION Diagnostic - Positionnement - Positionnements écritsPositionnements pratiquesEntretien individuel exploratoire de confirmation de projetBilan - exploitation des positionnementsSynthèse et proposition de parcoursSignature du Contrat Pédagogique - 14 hTITRE PRO AGENT DE RESTAURATION Acquisition des connaissances et des compétences culinaires de base - Les principes et règlementation en matière de sécurité alimentaire (Codex alimentarius, GBPH, PMS, méthodologie HACCP,Le vocabulaire culinaire de base et la technologie culinaire : les produits alimentaires (denrées végétales, carnées, condiments, épices, produits dérivés, laitiers... les bases des méthodes de conservation, de cuisson- les principaux matériels et ustensiles culinaires- les préparations de base : fruits, légumes, oeufs, viandes, poissons, entremets, pâtisseries- les principales techniques d'assemblage - 28 hTITRE PRO AGENT DES RESTAURATION Préparer en assemblage des hors d'oeuvre, des desserts et des préparations de type ""snacking"" (CCP 1) - - Préparer les matières premières alimentaires destinées à la transformation et à l'assemblage - Réaliser l'assemblage et le dressage des hors-d'oeuvre, des desserts et des préparations de type snacking - 56 hTITRE PRO AGENT DE RESTAURATION Réaliser des grillades et remettre en température des PCEA Préparations Culinaires Elaborées à l'Avance) (CCP 2) - - Effectuer la remise en température de préparations culinaire | Validation | Type de validation : | Diplôme autres ministères | Certification :",Type de validation : | Diplôme autres ministères | Certification : | Titre professionnel employé polyvalent en restauration,https://candidat.francetravail.fr/formations/detail/10921927/true/false/false/true,https://candidat.francetravail.fr/formations/recherche?filtreEstFormationEnCoursOuAVenir=formEnCours&filtreEstFormationTerminee=formEnCours&ou=DEPARTEMENT-19&range=110-119&tri=0,ok
19,"Serveur, Serveuse en hôtellerie-restauration (TP) [HSP 1er NQ]",GRETA DU LIMOUSIN,19100 Brive-la-Gaillarde,AFPA - CENTRE DE BRIVE | 53 Rue MAURICE ROLLINAT | 19100 Brive-la-Gaillarde | France,Durée de 1155 heures (dont 455 heures en entreprise),Prochaine session,https://greta-du-limousin.fr/,ce.gretadulimousin@ac-limoges.fr,ce.gretadulimousin@ac-limoges.fr | formations-brive@afpa.fr,france_travail,100,0685201025,0685201025,Certifiante,Formation financée par la région,En centre,,"CAP CS en HCR Intégration - Entrée en formationPrésentation de l'équipe pédagogique et administrativeVisite des locaux de formation (salles et plateaux techniques)Intégration au groupeFormalisation du parcours de formationInstruction du dossier et sécurisation administrativeExplicitation du calendrier de l'alternance et de l'emploi du temps de formationLecture et explication du Règlement Intérieur - 3 hCAP CS en HCR Présentation du métier - Présentation du secteur ""Hôtellerie-Restauration-Alimentation"" (HRA)Intervention d'un professionnel / témoignage d'anciens stagiaires - 7 hCAP CS en HCR Les modalités de certification - Présentation des modalités de certificationLes modalités de Contrôle en Cours de Formation (CCF) en ponctuel pour l'EIMCL 13 VentsLe référentiel de formation et de certification CAP HCRLe calendrier prévisionnel des épreuves - 4 hCAP CS en HCR Diagnostic - Positionnement - Positionnements écritsPositionnements pratiquesEntretien individuel exploratoire de confirmation de projetBilan - exploitation des positionnementsSynthèse et proposition de parcoursSignature du Contrat Pédagogique - 21 hCAP CS en HCR UP1 - Organisation des prestations en HCR - Réceptionner contrôler et stocker les marchandises1 - Les produits alimentaires et les boissons2 - Les autres produits3 - Les fournisseurs4 - Les mesures d'hygiène et de sécurité dans les locaux professionnels5 - Les stocks et les approvisionnementsCollecter les informations et ordonnancer ses activités6 - L'approche économique7 - Les locaux, les équipements et matériels8 - La prévention des risques liés à l'activité9 - Les différents types de prestations en restauration10 - Les supports et les documents liés aux prestations - 46 hCAP CS en HCR UP2 - Accueil, commercialisation et services en HCR - Accueillir, prendre en charge, renseigner le client et contribuer à la vente des prestations11 - Le client12 - Les points clés de la relation client13 - La réservation14 - Les supports de vente Thème15 - La prise de commande16 - Les étapes de la venteMettre en oeuvre les techniques de mise en place et de préparation17 - Les protocoles de nettoyage et d'entretien18 - La démarche de développement durable19 - Les mises en place20 - Les locaux annexes21 - Les techniques de préparation en restaurant - 137 hCAP CS en HCR UP2 - Accueil, commercialisation et services en HCR - Mettre en | Validation | Type de validation : | Diplôme autres ministères | Certification :",Type de validation : | Diplôme autres ministères | Certification : | Titre professionnel serveur en restauration,https://candidat.francetravail.fr/formations/detail/10921937/true/false/false/true,https://candidat.francetravail.fr/formations/recherche?filtreEstFormationEnCoursOuAVenir=formEnCours&filtreEstFormationTerminee=formEnCours&ou=DEPARTEMENT-19&range=110-119&tri=0,ok
19,Commis de cuisine (TP) [HSP 1er NQ],GRETA DU LIMOUSIN,19100 Brive-la-Gaillarde,AFPA - CENTRE DE BRIVE | 53 Rue MAURICE ROLLINAT | 19100 Brive-la-Gaillarde | France,Durée de 1155 heures (dont 455 heures en entreprise),Prochaine session,https://greta-du-limousin.fr/,ce.gretadulimousin@ac-limoges.fr,ce.gretadulimousin@ac-limoges.fr | formations-brive@afpa.fr,france_travail,100,0685201025,0685201025,Certifiante,Formation financée par la région,En centre,,"CAP CUISINE Intégration - Entrée en formationPrésentation de l'équipe pédagogique et administrativeVisite des locaux de formation (salles et plateaux techniques)Intégration au groupeFormalisation du parcours de formationInstruction du dossier et sécurisation administrativeExplicitation du calendrier de l'alternance et de l'emploi du temps de formationLecture et explication du Règlement Intérieur - 3 hCAP CUISINE Présentation du métier - Présentation du secteur ""Hôtellerie-Restauration-Alimentation"" (HRA)Intervention d'un professionnel / témoignage d'anciens stagiaires - 7 hCAP CUISINE Les modalités de certification - Présentation des modalités de certificationLes modalités de Contrôle en Cours de Formation (CCF)Le référentiel de formation et de certification CAP CuisineLe calendrier prévisionnel des épreuves - 4 hCAP CUISINE Diagnostic - Positionnement - Positionnements écritsPositionnements pratiquesEntretien individuel exploratoire de confirmation de projetBilan - exploitation des positionnementsSynthèse et proposition de parcoursSignature du Contrat Pédagogique - 21 hCAP CUISINE UP 1 - Organisation de la production de cuisine - 1 - Réceptionner, contrôler et stocker les marchandises dans le respect de la réglementation en vigueur et en appliquant les techniques de préventions liées à l'activité2 - Collecter l'ensemble des informations et organiser sa production culinaire dans le respect des consignes et de temps imparti - 63 hCAP CUISINE UP 2 - Préparation et distribution de la production en cuisine - 1 - Préparer, organiser et maintenir en état son poste de travail tout au long de l'activité dans le respect de la réglementation en vigueur2 - Maîtriser les techniques culinaires de base et réaliser une production dans le respect des consignes et des règles d'hygiène et de sécurité3 - Analyser, contrôler la qualité de sa production, dresser et participer à la distribution selon le contexte professionnel4 - Communiquer en fonction du contexte professionnel et en respectant les usages de la profession - 378 hCAP CUISINE Français - Histoire-Géographie - Enseignement Moral et Civique - FRANCAIS- Entrer dans l'échange oral et écrit : écouter, réagir, s'exprimer, lire, analyser, écrire- Devenir un lecteur compétent et critique- Confronter des savoirs et des valeurs pour construire son identité culturelle.HISTOIRE GEOGRAPHI | Validation | Type de validation : | Diplôme autres ministères | Certification :",Type de validation : | Diplôme autres ministères | Certification : | Titre professionnel commis de cuisine,https://candidat.francetravail.fr/formations/detail/10921959/true/false/false/true,https://candidat.francetravail.fr/formations/recherche?filtreEstFormationEnCoursOuAVenir=formEnCours&filtreEstFormationTerminee=formEnCours&ou=DEPARTEMENT-19&range=110-119&tri=0,ok
19,Assistant(e) de vie aux familles (TP) [HSP 1er NQ],GRETA DU LIMOUSIN,19100 Brive-la-Gaillarde,AFPA - CENTRE DE BRIVE | 53 Rue MAURICE ROLLINAT | 19100 Brive-la-Gaillarde | France,Durée de 1015 heures (dont 455 heures en entreprise),Prochaine session,https://greta-du-limousin.fr/,ce.gretadulimousin@ac-limoges.fr,ce.gretadulimousin@ac-limoges.fr | formations-brive@afpa.fr,france_travail,100,0685201025,0685201025,Certifiante,Formation financée par la région,En centre,,"Intégration-présentation de la formation - Intégration au groupe et à la formationFormalisation des parcours et sécurisation administrativeFinalisation des dossiers de rémunérationRappel des plannings, emploi du tempsRappel du règlement intérieur - 4 hDiagnostic / Positionnement - Positionnements écritsEntretien individuel exploratoireBilan - synthèse et proposition de parcours - 7 hPrésentation du métier et du secteur - Présentation du secteur santé social Intervention de professionnels Fonctions et place de l'ADVFDroits et devoirs dans l'exercice du métier - 21 hModule Réussir sa formation en centre de formation et en entreprise - Modules sur les savoirs de base appliqués au secteur professionnel : mathématiques, français appliqués au secteur, informatiqueTechniques de recherche de stage, FLIRenforcement de l'acquisition de compétences comportementales. Méthodologie d'apprentissage apprendre à apprendre PAE *Préparation : -Définition des objectifs individuels,choix du type d'entreprise et/ou du service,mise à disposition et aide à la recherche de liste d'adresses et contacts,accompagnement à la démarche de recherche, entretien, négociation.Accompagnement : suivi et bilan en entreprise (stagiai - 63 hCCP 1 : Entretenir le logement et le linge d'un particulier - Relation professionnelle dans le cadre d'une prestation d'entretien chez un particulierCommunication professionnelle et relation avec la personne aidéePrévention des risques domestiques et travail en sécurité au domicile d'un particulierOrganisation du travailEntretien du logement avec les techniques et les gestes professionnels appropriésEntretien du linge (produits et techniques) repassage et initiation à la coutureRespect des règles environnementales/Hygiène et sécuritéEvaluation en cours de formation (mise en situation et écrit) - 126 hCCP 2 : Accompagner la personne dans les actes essentiels du quotidien - La relation avec la personne aidée et son entourageLes besoins fondamentauxLe handicapVieillissement et pathologies associées.Prévention des risques professionnelsL'autonomie physique, intellectuelle et sociale de la personneMobilisation et ergonomie / transferts et déplacementsAide à la toilette, à l'habillage et aux déplacementsAnimation et vie sociale.Aide aux courses, à la préparation et à la prise des repas Diététique et hygiène alimentair | Validation | Type de validation : | Diplôme autres ministères | Certification :",Type de validation : | Diplôme autres ministères | Certification : | Titre professionnel assistant de vie aux familles,https://candidat.francetravail.fr/formations/detail/10925822/true/false/false/true,https://candidat.francetravail.fr/formations/recherche?filtreEstFormationEnCoursOuAVenir=formEnCours&filtreEstFormationTerminee=formEnCours&ou=DEPARTEMENT-19&range=110-119&tri=0,ok
19,"Fraiseur, fraiseuse en réalisation de pièces mécaniques (TP) [HSP 1er NQ]",DIRECTION REGIONALE AFPA NOUVELLE-AQUITAINE,19600 Saint-Pantaléon-de-Larche,AFPA - CENTRE DE BRIVE | 1 Rue de Laumeil | 19600 Saint-Pantaléon-de-Larche | France,Durée de 350 heures (dont 105 heures en entreprise),Prochaine session,http://www.afpa.fr/,mc_psr_nouvelle_aquitaine@afpa.fr,mc_psr_nouvelle_aquitaine@afpa.fr | formations-brives@afpa.fr,france_travail,100,0685201025,0685201025,Certifiante,Formation financée par la région,En centre,,"TP FRPM - Période d'intégration - Intégrer son groupe et sa formation S'approprier les objectifs de la formation et repérer son futur environnement professionnel Repérer les risques liés à l'exercice du métier et se sensibiliser au développement durable Préciser ses besoins de formation et contractualiser son parcours personnalisé S'inscrire dans une perspective d'emploi S'initier à Métis Développer son autonomie en formation - 35 hTP FRPM - Fraiser des pièces, à l'unité ou en petites séries sur machine conventionnelle - Réaliser des opérations de fraisage broche verticale à partir d'un mode opératoire établiRéaliser des opérations courantes de fraisage , broche verticale, horizontale ou inclinée, de qualité 8, à partir d'un mode opératoire établiRéaliser des opérations spécifiques de fraisage, broche verticale, horizontale ou inclinée, de qualité 8, à partir d'un mode opératoire établiRéaliser des opérations de fraisage broche verticale, horizontale ou inclinée avec une précision de qualité 7 et mode opératoire à établir - 385 hTP FRPM - Régler un centre d'usinage pour produire des séries stabilisées de pièces - Réaliser l'usinage de pièces mécaniques sur un centre d'usinage réglé Préparer hors machine, tous les éléments nécessaires aux réglages d'une production sur centre d'usinage Monter et régler l'outillage nécessaire à l'usinage d'une série de pièces sur un centre d'usinage Mettre au point une production et usiner une pré-série sur un centre d'usinage - 210 hTP FRPM - Réaliser, à partir d'un plan, l'usinage de pièces unitaires ou de petites séries sur centre d'usinage - Réaliser, à partir d'un dossier de fabrication stabilisé, l'usinage de pièces unitaires ou de petites séries sur un centre d'usinagePréparer l'usinage par procédé de fraisage d'une pièce unitaire ou d'une petite série de pièces à partir d'un plan de pièceMettre au point l'usinage d'une nouvelle pièce sur un centre d'usinage - 280 hTP FRPM - Période Entreprise - Contractualiser les objectifs de la période en entreprise Ancrer ses acquis en situation réelle de travail Développer des compétences transversales Accroître son réseau pour une insertion professionnelle - 175 | Validation | Type de validation : | Diplôme autres ministères | Certification :",Type de validation : | Diplôme autres ministères | Certification : | Titre professionnel fraiseur en réalisation de pièces mécaniques,https://candidat.francetravail.fr/formations/detail/10926897/true/false/false/true,https://candidat.francetravail.fr/formations/recherche?filtreEstFormationEnCoursOuAVenir=formEnCours&filtreEstFormationTerminee=formEnCours&ou=DEPARTEMENT-19&range=110-119&tri=0,ok
19,Agent(e) de propreté et d'hygiène (TP) [HSP 1er NQ],GRETA DU LIMOUSIN,19100 Brive-la-Gaillarde,AFPA - CENTRE DE BRIVE | 53 Rue MAURICE ROLLINAT | 19100 Brive-la-Gaillarde | France,Durée de 1015 heures (dont 455 heures en entreprise),Prochaine session,https://greta-du-limousin.fr/,ce.gretadulimousin@ac-limoges.fr,ce.gretadulimousin@ac-limoges.fr | formations-brive@afpa.fr,france_travail,100,0685201025,0685201025,Certifiante,Formation financée par la région,En centre,,"INTEGRATION - Intégration au groupe et à la formationFormalisation des parcours et sécurisation administrativeFinalisation des dossiers de rémunérationRappel des plannings, emploi du tempsRappel du règlement intérieur - 2 hDiagnostic / Positionnement - Positionnements écritsPositionnement pratiqueEntretien individuel exploratoireBilan - synthèse et proposition de parcours - 10 hPrésentation du métier et de son contexte - Présentation du ""monde de la propreté"" Intervention d'un professionnel / témoignage d'anciens stagiairesParticipation à des ateliers pratiques : présentation de produits d'entretien- présentation de matériels de nettoyage- démonstration de techniques d'entretienAteliers connaissance des entreprises du secteur de la propreté - 10 hPrésentation de la formation et la certification - Présentation de la formationIdentification des compétences professionnelles visées par le REAC du TP Agent(e) de Propreté et d'HygièneInformation sur le référentiel et les modalités de certification - 5 hCCP 1 : Prestation de nettoyage manuel - Réalisation d'une prestation de service d'entretien manuel adaptée aux locaux, aux surfaces et à leur utilisation par la mise en oeuvre de modes opératoires en respectant les règles d'hygiène et de sécurité, l'attitude de service et en intégrant les principes du développement durable.Apprentissage des techniques d'organisation des activités, de nettoyage, d'autocontrôle et de communication :1) Réalisation du nettoyage manuel des surfaces2) Réalisation du nettoyage manuel des sanitaires3) Réalisation du bionettoyage en environnement spécifique dans le respect des protocoles - 150 hCCP 2 : Prestation de nettoyage ou de remise en état mécanisés - Réalisation d'une prestation de services d'entretien mécanisé et/ou de remise en état mécanisée adaptée aux locaux et surfaces et à leur utilisation utilisation par la mise en oeuvre de modes opératoires en respectant les règles d'hygiène et de sécurité, l'attitude de service et en intégrant les principes du développement durable.Apprentissage des techniques d'organisation des activités, de nettoyage, d'autocontrôle et de communication :1) Réalisation d'un nettoyage mécanisé2) Réalisation d'une remise en état mécanisée - 175 hCompétenc | Validation | Type de validation : | Diplôme autres ministères | Certification :",Type de validation : | Diplôme autres ministères | Certification : | Titre professionnel agent de propreté et d'hygiène,https://candidat.francetravail.fr/formations/detail/10926913/true/false/false/false,https://candidat.francetravail.fr/formations/recherche?filtreEstFormationEnCoursOuAVenir=formEnCours&filtreEstFormationTerminee=formEnCours&ou=DEPARTEMENT-19&range=110-119&tri=0,ok
19,"Tourneur, tourneuse en réalisation de pièces mécaniques (TP) [HSP 1er NQ]",DIRECTION REGIONALE AFPA NOUVELLE-AQUITAINE,19600 Saint-Pantaléon-de-Larche,AFPA - CENTRE DE BRIVE | 1 Rue de Laumeil | 19600 Saint-Pantaléon-de-Larche | France,Durée de 350 heures (dont 105 heures en entreprise),Prochaine session,http://www.afpa.fr/,mc_psr_nouvelle_aquitaine@afpa.fr,mc_psr_nouvelle_aquitaine@afpa.fr | formations-brive@afpa.fr,france_travail,100,0685201025,0685201025,Certifiante,Formation financée par la région,En centre,,"TP TRPM - Période d'intégration - Intégrer son groupe et sa formation S'approprier les objectifs de la formation et repérer son futur environnement professionnel Repérer les risques liés à l'exercice du métier et se sensibiliser au développement durable Préciser ses besoins de formation et contractualiser son parcours personnalisé S'inscrire dans une perspective d'emploi S'initier à Métis Développer son autonomie en formation - 35 hTP TRPM - Tourner des pièces, à l'unité ou en petites séries, sur machine conventionnelle - Réaliser des opérations de tournage en mandrin 3 mors durs en qualité 8 à l'aide d'un mode opératoire établiRéaliser des opérations de tournage en mandrin 3 mors doux, montage en l'air ou mixte en qualité 8 à l'aide d'un mode opératoire établiRéaliser des opérations de tournage dites complexes en qualité 8 à partir d'un mode opératoire établiRéaliser des opérations de tournage en mandrin 3 mors doux, montage en l'air ou mixte en qualité 7 à l'aide d'un mode opératoire à établir - 385 hTP TRPM - Régler un tour à commande numérique pour produire des séries stabilisées de pièces - Réaliser l'usinage de pièces mécaniques sur un TOUR CN régléPréparer hors machine, tous les éléments nécessaires aux réglages d'une production sur un TOUR CNMonter et régler l'outillage nécessaire à l'usinage d'une série de pièces sur un TOUR CNMettre au point une production et usiner une pré-série sur un TOUR CN - 210 hTP TRPM - Réaliser, à partir d'un plan, l'usinage de pièces unitaires ou de petites séries sur tour à commande numérique - Réaliser, à partir d'un dossier de fabrication stabilisé, l'usinage de pièces unitaires ou de petites séries sur tour à commande numériquePréparer l'usinage par procédé de tournage d'une pièce unitaire ou d'une petite série de pièces à partir d'un plan de pièceMettre au point l'usinage d'une nouvelle pièce sur un tour à commande numérique - 280 hTP TRPM - Période Entreprise - Contractualiser les objectifs de la période en entreprise Ancrer ses acquis en situation réelle de travail Développer des compétences transversales Accroître son réseau pour une insertion professionnelle - 105 | Validation | Type de validation : | Diplôme autres ministères | Certification :",Type de validation : | Diplôme autres ministères | Certification : | Titre professionnel tourneur en réalisation de pièces mécaniques,https://candidat.francetravail.fr/formations/detail/10926918/true/false/false/false,https://candidat.francetravail.fr/formations/recherche?filtreEstFormationEnCoursOuAVenir=formEnCours&filtreEstFormationTerminee=formEnCours&ou=DEPARTEMENT-19&range=110-119&tri=0,ok
19,"Conseiller, Conseillère de vente (TP) [HSP 1er NQ]",DIRECTION REGIONALE AFPA NOUVELLE-AQUITAINE,19100 Brive-la-Gaillarde,AFPA - CENTRE DE BRIVE | 53 Rue MAURICE ROLLINAT | 19100 Brive-la-Gaillarde | France,Durée de 945 heures (dont 280 heures en entreprise),Prochaine session,http://www.afpa.fr/,mc_psr_nouvelle_aquitaine@afpa.fr,mc_psr_nouvelle_aquitaine@afpa.fr | formations-brive@afpa.fr,france_travail,100,0685201025,0685201025,Certifiante,Formation financée par la région,En centre,,"TP Conseiller de vente - Période d'intégration CV - Intégrer son groupe et sa formation S'approprier les objectifs de la formation et repérer son futur environnement professionnel Repérer les risques liés à l'exercice du métier et se sensibiliser au développement durable Préciser ses besoins de formation et contractualiser son parcours personnalisé S'inscrire dans une perspective d'emploi - 35 hTP Conseiller de vente - M1 - Contribuer à l'efficacité commerciale d'une unité marchande dans un environnement omnicanal - Connaître les différents contextes de la vente de services et de produitsConnaître les fondamentaux de la démarche marketingMener une étude de marché et établir le diagnostic de l'unité marchandeConnaître les différentes techniques et méthodes d'approvisionnementRéaliser des inventairesAppliquer les règles et les obligations légales du recyclage, du tri sélectif des déchets et de la réduction du gaspillageComprendre les règles de merchandisingMettre en place une opération commercialeSuivre et analyser les évolutions et exploiter les résultats pour proposer des ajustements - 245 hTP Conseiller de vente - Période en entreprise 1 - Se confronter à la réalité professionnelleMettre en application des acquisDévelopper des compétences transverses Etablir un réseau favorisant l'insertion professionnelle - 140 hTP Conseiller de vente - M2 - Améliorer l'expérience client dans un environnement omnicanal - Comprendre l'évolution du digital et son impact sur le métierValoriser l'offre de produits et de services de l'unité marchande sur les sites marchands et les médias sociauxAccueillir le client et mettre en oeuvre des conditions favorables à l'accueil des personnes en situation de handicapProcéder à l'enregistrement et à l'encaissementConnaître le cadre juridique de la vente et les enjeux du suivi de la relation commercialeConnaître les fondamentaux de la démarche marketingS'approprier et défendre les principes majeurs de l'écocitoyenneté tout au long de l'expérience d'achat - 210 hTP Conseiller de vente - Période en entreprise 2 - Se confronter à la réalité professionnelle Mettre en application des acquis Renforcer ses compétences transverses Développer son réseau professionnel - 140 hTP Conseiller de vente - Période de certification - Certification Conseiller de vente - 35 | Validation | Type de validation : | Diplôme autres ministères | Certification :",Type de validation : | Diplôme autres ministères | Certification : | Titre professionnel conseiller de vente,https://candidat.francetravail.fr/formations/detail/10926919/true/false/false/true,https://candidat.francetravail.fr/formations/recherche?filtreEstFormationEnCoursOuAVenir=formEnCours&filtreEstFormationTerminee=formEnCours&ou=DEPARTEMENT-19&range=110-119&tri=0,ok
19,"Conseiller, Conseillère commercial (TP) [HSP 1er NQ]",DIRECTION REGIONALE AFPA NOUVELLE-AQUITAINE,19100 Brive-la-Gaillarde,AFPA - CENTRE DE BRIVE | 53 Rue MAURICE ROLLINAT | 19100 Brive-la-Gaillarde | France,Durée de 945 heures (dont 280 heures en entreprise),Prochaine session,http://www.afpa.fr/,mc_psr_nouvelle_aquitaine@afpa.fr,mc_psr_nouvelle_aquitaine@afpa.fr | formations-brive@afpa.fr,france_travail,100,0685201025,0685201025,Certifiante,Formation financée par la région,En centre,,"TP Conseiller commercial - Période d'intégration Conseiller commercial - Intégrer son groupe et sa formation S'approprier les objectifs de la formation et repérer son futur environnement professionnel Repérer les risques liés à l'exercice du métier et se sensibiliser au développement durable Préciser ses besoins de formation et contractualiser son parcours personnalisé S'inscrire dans une perspective d'emploi - 35 hTP Conseiller commercial - Module 1 Prospecter un secteur de vente - Assurer une veille professionnelle et commercialeMettre en oeuvre un plan d'actions commerciales et organiser son activitéProspecter à distanceProspecter physiquementAnalyser ses performances commerciales et en rendre compte - 280 hTP Conseiller commercial - Période Entreprise CCP1 - Se confronter à la réalité professionnelleMettre en application des acquis Développer des compétences transversesEtablir un réseau favorisant l'insertion professionnelle - 140 hTP Conseiller commercial - Module 2 Vendre en face à face des produits et des services référencés aux entreprises et aux particuliers - Représenter l'entreprise et valoriser son imageConduire un entretien de venteAssurer le suivi de ses ventesFidéliser son portefeuille client - 280 hTP Conseiller commercial - Période Entreprise CCP2 - Se confronter à la réalité professionnelleMettre en application des acquis Développer des compétences transversesEtablir un réseau favorisant l'insertion professionnelle - 140 hTP Conseiller commercial - Période de synthèse du parcours professionnel - Analyse de ses apprentissagesFinalisation de son dossier professionnelPréparation de la session de validation - 35 hTP Conseiller commercial - Période de certification - Certification Conseiller Commercial - 35 hTP CC - Sensibilisation aux enjeux du développement durable - Néo Terra Niveau 1 - Rappel historique : du développement durable aux transitions énergétique, écologique et sociétale.Évaluer sa propre empreinte écologique / prendre conscience de son propre impact (quiz, impactco2.fr, fresque du climat...Définir les points de progrès individuels et collectifs applicables dans la vie quotidienne, en formation et dans le milieu professionnel (Intervention d'acteurs locaux type ressourcerie, SIVOM, association de facilitation des mobilités douces, ... - 14 hTP CC - Sensibilisation aux enjeux des v | Validation | Type de validation : | Diplôme autres ministères | Certification :",Type de validation : | Diplôme autres ministères | Certification : | Titre professionnel conseiller commercial,https://candidat.francetravail.fr/formations/detail/10926920/true/false/false/false,https://candidat.francetravail.fr/formations/recherche?filtreEstFormationEnCoursOuAVenir=formEnCours&filtreEstFormationTerminee=formEnCours&ou=DEPARTEMENT-19&range=110-119&tri=0,ok
19,Agent(e) de reconditionnement numérique (TP) [HSP 1er NQ],GRETA DU LIMOUSIN,19100 Brive-la-Gaillarde,AFPA - CENTRE DE BRIVE | 53 Rue MAURICE ROLLINAT | 19100 Brive-la-Gaillarde | France,Durée de 1015 heures (dont 455 heures en entreprise),Prochaine session,https://greta-du-limousin.fr/,ce.gretadulimousin@ac-limoges.fr,ce.gretadulimousin@ac-limoges.fr | formations-brive@afpa.fr,france_travail,100,0685201025,0685201025,Certifiante,Formation financée par la région,En centre,,"Période d'intégration IDI - Intégrer son groupe et sa formationS'approprier les objectifs de la formation et repérer son futur environnement professionnelRepérer les risques liés à l'exercice du métier et se sensibiliser au développement durableDévelopper son efficacité personnelleS'inscrire dans une perspective d'emploi - 35 hConnaissances communes IDI - Utilisation Informatique - Internet et bureautiqueAnglais TechniquePosture ProfessionnelleSensibilisation aux règles : Electriques, DEEE, RGPD - 140 hMettre en service des équipements informatiques fixes et mobiles - Installer un système ou déployer une image sur un poste client fixe ou mobileConfigurer, paramétrer et personnaliser un équipement informatique fixe ou mobileRaccorder un équipement fixe ou mobile à un réseauInformer et conseiller le client ou l'utilisateur - 245 hDépanner et reconditionner des équipements informatiques fixes et mobiles - Diagnostiquer et résoudre un dysfonctionnement d'un équipement informatique fixe ou mobileVérifier, identifier, trier un équipement informatique fixe ou mobile d'occasionRevaloriser et intégrer un équipement fixe ou mobile - 175 hPériode d'application en entreprise IDI - Période entreprise IDI - 140 hPériode Certification IDI - Séquence de certification IDI - 35 hSensibilisation aux enjeux du développement durable - Néo terra-Niv 1 - Présentation de la feuille de route NeoTerra et ses 11 ambitionsNotion de développement durableHistoire, causes de l'émergence du conceptEnjeux (Environnement, économie et société)Sensibilisation au développement durable et à la Responsabilité Sociétale de l'Entreprise Diminuer la consommation d'énergie : gestion de l'allumage des lumières et des ordinateurs en salle de formation Identifier les sources d'économie d'énergie dans son activité professionnelle Recycler les déchets : tri et réemploiOptimiser l'envoi des emails (pièces jointes, SharePoint... - 14 hSensibilisation aux enjeux des valeurs de la république - Les institutions.Définitions du Citoyen , de la protection des libertés, de la laïcité, de l'égalité, de la préservation de la paix et des valeurs communes.Explication du règlement intérieur de l'établissement de formation : base pour aborder les valeurs, les principes et les symboles de la | Validation | Type de validation : | Diplôme autres ministères | Certification :",Type de validation : | Diplôme autres ministères | Certification : | Titre professionnel agent de reconditionnement numérique,https://candidat.francetravail.fr/formations/detail/10926921/true/false/false/true,https://candidat.francetravail.fr/formations/recherche?filtreEstFormationEnCoursOuAVenir=formEnCours&filtreEstFormationTerminee=formEnCours&ou=DEPARTEMENT-19&range=110-119&tri=0,ok
17,"Jardinier, Jardinière paysagiste (CAPA) [HSP 1er NQ]",CENTRE DE FORMATION PROFESSIONNELLE ET DE PROMOTION AGRICOLES (CFPPA L'OISELLERIE),17100 Saint-Georges-des-Coteaux,EPLEFPA DE SAINTONGE - LEGTA GEORGES DESCLAUDE - SAINTES | Rue Georges Desclaude BP 20550 | 17100 Saint-Georges-des-Coteaux | France,Durée de 1220 heures (dont 420 heures en entreprise),Prochaine session,http://www.epl-charente.com/,cfppa.angouleme@educagri.fr,cfppa.angouleme@educagri.fr | sylvie.cousin@educagri.fr,france_travail,100,0616662134,0616662134,Certifiante,Formation financée par la région,En centre,,"Agir dans des situation de la vie courante à l'aide de repères sociaux (CG1) - - Prendre position dans une situation à caractère social et civique- Utiliser des outils dans des situations de la vie courante - 56 hMettre en oeuvre des actions contribuant à la construction personnelle (CG2) - - S'exprimer à travers une réalisation personnelle- Adopter des comportements favorisant son équilibre personnel - 56 hInteragir avec son environnement social (CG3) - - Adapter son langage et son comportement aux situations de communication- S'approprier les normes et cadres de référence d'un collectif - 49 hRéaliser en sécurité des travaux d'entretien paysager (CP4) - - Entretenir la végétation- Réaliser l'entretien des installations et des infrastructures paysagères - 189 hRéaliser en sécurité des travaux d'aménagement paysager (CP5) - - Réaliser des travaux de mise en place des végétaux- Réaliser des travaux de mise en place d'installations et d'infrastructures paysagères - 196 hEffectuer des travaux liés à l'entretien courant des matériels et équipements (CP6) - - Réaliser des opérations de maintenance conditionnelle des matériels et équipements- Réaliser des opérations de maintenance corrective des matériels et équipements - 147 hS'adapter à des enjeux professionnels locaux (CP7) - Pour le département 16, UCARE ""Bassin de rétention"" : Mettre en oeuvre un bassin de rétention- Entretenir un bassin de rétentionPour le département 17, UCARE ""Corridors-Abris Faune"" :Réaliser la mise en place de corridors écologiques et abris petite faune ( 70H) - 105 hSensibilisation Priorités Régionales - Identifier les enjeux du dérèglement climatique et proposer des alternatives : - Climat- Renaissance écologiqueSensibilisation aux valeurs de la république (référentiel ANCT) :Valeurs de la république et laïcité-Non discriminationSe questionner sur les impacts environnementaux du numérique, apprendre à mesurer, décrypter et agir, pour trouver sa place de citoyen dans un monde numérique.MOOC-L'identité numérique enjeux pour le citoyen (RGPD, Réseaux sociaux, - 35 hBilans - Intermédiaire et Final - 7 h | Validation | Type de validation : | Diplôme autres ministères | Certification :",Type de validation : | Diplôme autres ministères | Certification : | CAP agricole jardinier paysagiste,https://candidat.francetravail.fr/formations/detail/10910478/true/false/false/true,https://candidat.francetravail.fr/formations/recherche?filtreEstFormationEnCoursOuAVenir=formEnCours&filtreEstFormationTerminee=formEnCours&ou=DEPARTEMENT-17&range=110-119&tri=0,ok
17,"Horticulteur, horticultrice (CAPA) [HSP 1er NQ]",CENTRE DE FORMATION PROFESSIONNELLE ET DE PROMOTION AGRICOLES (CFPPA L'OISELLERIE),17100 Saintes,EPLEFPA DE SAINTONGE - LEGTA GEORGES DESCLAUDE - SAINTES | BP 70528 LYCEE HORTICOLE LE PETIT CHADIGNAC | 17100 Saintes | France,Durée de 1220 heures (dont 420 heures en entreprise),Prochaine session,http://www.epl-charente.com/,cfppa.angouleme@educagri.fr,cfppa.angouleme@educagri.fr | sylvie.cousin@educagri.fr,france_travail,100,0616662134,0616662134,Certifiante,Formation financée par la région,En centre,,"Agir dans des situation de la vie courante à l'aide de repères sociaux ( CG1) - - Prendre position dans une situation à caractère social et civique- Utiliser des outils dans des situations de la vie courante - 56 hMettre en oeuvre des actions contribuant à la construction personnelle (CG2) - - S'exprimer à travers une réalisation personnelle- Adopter des comportements favorisant son équilibre personnel - 56 hInteragir avec son environnement social (CG3) - - Adapter son langage et son comportement aux situations decommunication- S'approprier les normes et cadres de référence d'un collectif - 49 hRéaliser des travaux sur les végétaux ( CP4) - - Réaliser des observations et interventions sur le végétal- Réaliser des travaux de mise en place des végétaux - 189 hRéaliser des travaux de suivi des cultures de l'implantation à la récolte et au conditionnement ( CP5) - - Réaliser des observations et opérations techniques liées au cycle de production- Effectuer des travaux de récolte, de conservation et de conditionnement - 196 hEffectuer des travaux liés à l'entretien courant des matériels , équipements, installations et bâtiments (CP6) - - Réaliser des opérations de maintenance conditionnelle des matériels, équipements, installations et bâtiments- Effectuer des travaux simples d'aménagement et de réparation - 147 hS'adapter à des enjeux professionnels locaux (CP7) - Pour le département 16, UCARE ""Vente et commercialisation de produits horticoles"" : Accueillir les clients- Vendre directement les produits de l'atelierPour le département 17, UCARE ""Initiation aux travaux viticoles"" : Préparer les principaux travaux liés au vignoble. Réaliser les travaux liés au vignoble - 105 hSensibilisation Priorités Régionales - Identifier les enjeux du dérèglement climatique et proposer des alternatives : - Climat- Renaissance écologiqueSensibilisation aux valeurs de la république (référentiel ANCT) :Valeurs de la république et laïcité-Non discriminationSe questionner sur les impacts environnementaux du numérique, apprendre à mesurer, décrypter et agir, pour trouver sa place de citoyen dans un monde numérique.MOOC-L'identité numérique enjeux pour le citoyen (RGPD, Réseaux sociaux, - 35 hBilans - Intermédiaire et Final - 7 | Validation | Type de validation : | Diplôme autres ministères | Certification :",Type de validation : | Diplôme autres ministères | Certification : | CAP agricole métiers de l'agriculture,https://candidat.francetravail.fr/formations/detail/10910483/true/false/false/true,https://candidat.francetravail.fr/formations/recherche?filtreEstFormationEnCoursOuAVenir=formEnCours&filtreEstFormationTerminee=formEnCours&ou=DEPARTEMENT-17&range=110-119&tri=0,ok
17,"Conseiller, Conseillère de vente (TP) [HSP 1er NQ]",DIRECTION REGIONALE AFPA NOUVELLE-AQUITAINE,17300 Rochefort,AFPA ROCHEFORT | 57 Avenue BERNADOTTE | 17300 Rochefort | France,Durée de 945 heures (dont 280 heures en entreprise),Prochaine session,http://www.afpa.fr/,mc_psr_nouvelle_aquitaine@afpa.fr,mc_psr_nouvelle_aquitaine@afpa.fr | formations-rochefort@afpa.fr | lisa.perrotin@afpa.fr,france_travail,100,0699077417,0699077417 | 0616046682,Certifiante,Formation financée par la région,En centre,,"Période d'intégration CV - Intégrer son groupe et sa formation S'approprier les objectifs de la formation et repérer son futur environnement professionnel Repérer les risques liés à l'exercice du métier et se sensibiliser au développement durable Préciser ses besoins de formation et contractualiser son parcours personnalisé S'inscrire dans une perspective d'emploi - 35 hM1 - Contribuer à l'efficacité commerciale d'une unité marchande dans un environnement omnicanal - Connaître les différents contextes de la vente de services et de produitsConnaître les fondamentaux de la démarche marketingMener une étude de marché et établir le diagnostic de l'unité marchandeConnaître les différentes techniques et méthodes d'approvisionnementRéaliser des inventairesAppliquer les règles et les obligations légales du recyclage, du tri sélectif des déchets et de la réduction du gaspillageComprendre les règles de merchandisingMettre en place une opération commercialeSuivre et analyser les évolutions et exploiter les résultats pour proposer des ajustements - 245 hPériode en entreprise 1 - Se confronter à la réalité professionnelleMettre en application des acquisDévelopper des compétences transverses Etablir un réseau favorisant l'insertion professionnelle - 140 hM2 - Améliorer l'expérience client dans un environnement omnicanal - Comprendre l'évolution du digital et son impact sur le métierValoriser l'offre de produits et de services de l'unité marchande sur les sites marchands et les médias sociauxAccueillir le client et mettre en oeuvre des conditions favorables à l'accueil des personnes en situation de handicapProcéder à l'enregistrement et à l'encaissementConnaître le cadre juridique de la vente et les enjeux du suivi de la relation commercialeConnaître les fondamentaux de la démarche marketingS'approprier et défendre les principes majeurs de l'écocitoyenneté tout au long de l'expérience d'achat - 210 hPériode en entreprise 2 - Se confronter à la réalité professionnelle Mettre en application des acquis Renforcer ses compétences transverses Développer son réseau professionnel - 140 hPériode de certification - Certification Conseiller de vente - 35 hSensibilisation aux enjeux du développement durable - Néo Terra Niveau 1 - Rappel historique : du dé | Validation | Type de validation : | Diplôme autres ministères | Certification :",Type de validation : | Diplôme autres ministères | Certification : | Titre professionnel conseiller de vente,https://candidat.francetravail.fr/formations/detail/10910492/true/false/false/true,https://candidat.francetravail.fr/formations/recherche?filtreEstFormationEnCoursOuAVenir=formEnCours&filtreEstFormationTerminee=formEnCours&ou=DEPARTEMENT-17&range=110-119&tri=0,ok
17,"Conseiller, Conseillère commercial (TP) [HSP 1er NQ]",DIRECTION REGIONALE AFPA NOUVELLE-AQUITAINE,17000 La Rochelle,AXYS | 33 Rue DU REMPART ST CLAUDE | 17000 La Rochelle | France,Durée de 945 heures (dont 280 heures en entreprise),Prochaine session,http://www.afpa.fr/,mc_psr_nouvelle_aquitaine@afpa.fr,mc_psr_nouvelle_aquitaine@afpa.fr | axysetien@orange.fr | axystayeb@orange.fr,france_travail,100,0546411640,0546411640 | 0679890571,Certifiante,Formation financée par la région,En centre,,"TP CC - Période d'intégration Conseiller commercial - Intégrer son groupe et sa formation S'approprier les objectifs de la formation et repérer son futur environnement professionnel Repérer les risques liés à l'exercice du métier et se sensibiliser au développement durable Préciser ses besoins de formation et contractualiser son parcours personnalisé S'inscrire dans une perspective d'emploi - 35 hTP CC - Module 1 Prospecter un secteur de vente - Assurer une veille professionnelle et commercialeMettre en oeuvre un plan d'actions commerciales et organiser son activitéProspecter à distanceProspecter physiquementAnalyser ses performances commerciales et en rendre compte - 280 hTP CC - Période Entreprise CCP1 - Se confronter à la réalité professionnelleMettre en application des acquis Développer des compétences transversesEtablir un réseau favorisant l'insertion professionnelle - 140 hTP CC - Module 2 Vendre en face à face des produits et des services référencés aux entreprises et aux particuliers - Représenter l'entreprise et valoriser son imageConduire un entretien de venteAssurer le suivi de ses ventesFidéliser son portefeuille client - 280 hTP CC - Période Entreprise CCP2 - Se confronter à la réalité professionnelleMettre en application des acquis Développer des compétences transversesEtablir un réseau favorisant l'insertion professionnelle - 140 hTP CC - Période de synthèse du parcours professionnel - Analyse de ses apprentissagesFinalisation de son dossier professionnelPréparation de la session de validation - 35 hTP CC - Période de certification - Certification Conseiller Commercial - 35 hTP CC - Sensibilisation aux enjeux du développement durable - Néo Terra Niveau 1 - Rappel historique : du développement durable aux transitions énergétique, écologique et sociétale.Évaluer sa propre empreinte écologique / prendre conscience de son propre impact (quiz, impactco2.fr, fresque du climat...Définir les points de progrès individuels et collectifs applicables dans la vie quotidienne, en formation et dans le milieu professionnel (Intervention d'acteurs locaux type ressourcerie, SIVOM, association de facilitation des mobilités douces, ... - 14 hTP CC - Sensibilisation aux enjeux des valeurs de la république.... - APPREHENDERRecontextualisation du principe de laïcité. Présentation : liber | Validation | Type de validation : | Diplôme autres ministères | Certification :",Type de validation : | Diplôme autres ministères | Certification : | Titre professionnel conseiller commercial,https://candidat.francetravail.fr/formations/detail/10910495/true/false/false/true,https://candidat.francetravail.fr/formations/recherche?filtreEstFormationEnCoursOuAVenir=formEnCours&filtreEstFormationTerminee=formEnCours&ou=DEPARTEMENT-17&range=110-119&tri=0,ok
17,Employé(e) commercial (TP) [HSP 1er NQ],DIRECTION REGIONALE AFPA NOUVELLE-AQUITAINE,17300 Rochefort,AFPA ROCHEFORT | 57 Avenue BERNADOTTE | 17300 Rochefort | France,Durée de 945 heures (dont 280 heures en entreprise),Prochaine session,http://www.afpa.fr/,mc_psr_nouvelle_aquitaine@afpa.fr,mc_psr_nouvelle_aquitaine@afpa.fr | formations-rochefort@afpa.fr | lisa.perrotin@afpa.fr,france_travail,100,0699077417,0699077417 | 0616046682,Certifiante,Formation financée par la région,En centre,,"Période d'intégration Employé Commercial - Intégrer son groupe et sa formation J'apprends à apprendreS'approprier les objectifs de la formation et repérer son futur environnement professionnelPréciser ses besoins de formation et contractualiser son parcours personnaliséS'inscrire dans une perspective d'emploi - 35 hModule 1 Mettre à disposition des clients les produits de l'unité marchande dans un environnement omnicanal - Appliquer les règles et les obligations légales du recyclage, du tri sélectif des déchets et de la réduction du gaspillageRéceptionner et stocker la marchandiseComprendre les règles de merchandisingParticiper à la mise en oeuvre d'une opération commercialeVeiller à la mise en oeuvre des mesures de prévention adaptées à l'hygiène et à la sécuritéTraiter les commandes des clients - 140 hPériode d'application en entreprise 1 - Se confronter à la réalité professionnelleMettre en application des acquisDévelopper des compétences transversesEtablir un réseau favorisant l'insertion professionnelle - 140 hModule 2 Accueillir et accompagner le client dans un point de vente - Accueillir les clients et mettre en oeuvre des conditions favorables à l'accueil des personnes en situation de handicapProposer les programmes et services de fidélisation de l'unité marchande et conclure l'entretien de venteTenir un poste de caisse et superviser les caisses libre-serviceComprendre l'évolution du digital et les enjeux de la valorisation de l'expérience d'achat dans un contexte omnicanalValoriser l'image de l'unité marchande en s'appropriant les principes majeurs de l'écocitoyenneté tout au long de l'expérience d'achat - 140 hPériode d'application en entreprise 2 (environnement omnicanal) - Se confronter à la réalité professionnelleMettre en application des acquisRenforcer ses compétences transversesDévelopper son réseau professionnel - 140 hPériode de certification - Certification Employé Commercial - 35 hSensibilisation aux enjeux du développement durable - Néo Terra Niveau 1 - Rappel historique : du développement durable aux transitions énergétique, écologique et sociétale.Évaluer sa propre empreinte écologique / prendre conscience de son propre impact (quiz, impactco2.fr, fresque du climat...Définir les points de progrès individuels et collectifs applicables dans la vie quotidie | Validation | Type de validation : | Diplôme autres ministères | Certification :",Type de validation : | Diplôme autres ministères | Certification : | Titre professionnel employé commercial,https://candidat.francetravail.fr/formations/detail/10910496/true/false/false/true,https://candidat.francetravail.fr/formations/recherche?filtreEstFormationEnCoursOuAVenir=formEnCours&filtreEstFormationTerminee=formEnCours&ou=DEPARTEMENT-17&range=110-119&tri=0,ok
17,"Conseiller, Conseillère de vente (TP) [HSP 1er NQ]",DIRECTION REGIONALE AFPA NOUVELLE-AQUITAINE,17000 La Rochelle,AXYS | 33 Rue DU REMPART ST CLAUDE | 17000 La Rochelle | France,Durée de 945 heures (dont 280 heures en entreprise),Prochaine session,http://www.afpa.fr/,mc_psr_nouvelle_aquitaine@afpa.fr,mc_psr_nouvelle_aquitaine@afpa.fr | axysetien@orange.fr | axystayeb@orange.fr,france_travail,100,0546411640,0546411640 | 0679890571,Certifiante,Formation financée par la région,En centre,,"Période d'intégration CV - Intégrer son groupe et sa formation S'approprier les objectifs de la formation et repérer son futur environnement professionnel Repérer les risques liés à l'exercice du métier et se sensibiliser au développement durable Préciser ses besoins de formation et contractualiser son parcours personnalisé S'inscrire dans une perspective d'emploi - 35 hM1 - Contribuer à l'efficacité commerciale d'une unité marchande dans un environnement omnicanal - Connaître les différents contextes de la vente de services et de produitsConnaître les fondamentaux de la démarche marketingMener une étude de marché et établir le diagnostic de l'unité marchandeConnaître les différentes techniques et méthodes d'approvisionnementRéaliser des inventairesAppliquer les règles et les obligations légales du recyclage, du tri sélectif des déchets et de la réduction du gaspillageComprendre les règles de merchandisingMettre en place une opération commercialeSuivre et analyser les évolutions et exploiter les résultats pour proposer des ajustements - 245 hPériode en entreprise 1 - Se confronter à la réalité professionnelleMettre en application des acquisDévelopper des compétences transverses Etablir un réseau favorisant l'insertion professionnelle - 140 hM2 - Améliorer l'expérience client dans un environnement omnicanal - Comprendre l'évolution du digital et son impact sur le métierValoriser l'offre de produits et de services de l'unité marchande sur les sites marchands et les médias sociauxAccueillir le client et mettre en oeuvre des conditions favorables à l'accueil des personnes en situation de handicapProcéder à l'enregistrement et à l'encaissementConnaître le cadre juridique de la vente et les enjeux du suivi de la relation commercialeConnaître les fondamentaux de la démarche marketingS'approprier et défendre les principes majeurs de l'écocitoyenneté tout au long de l'expérience d'achat - 210 hPériode en entreprise 2 - Se confronter à la réalité professionnelle Mettre en application des acquis Renforcer ses compétences transverses Développer son réseau professionnel - 140 hPériode de certification - Certification Conseiller de vente - 35 hSensibilisation aux enjeux du développement durable - Néo Terra Niveau 1 - Rappel historique : du dé | Validation | Type de validation : | Diplôme autres ministères | Certification :",Type de validation : | Diplôme autres ministères | Certification : | Titre professionnel conseiller de vente,https://candidat.francetravail.fr/formations/detail/10910502/true/false/false/true,https://candidat.francetravail.fr/formations/recherche?filtreEstFormationEnCoursOuAVenir=formEnCours&filtreEstFormationTerminee=formEnCours&ou=DEPARTEMENT-17&range=110-119&tri=0,ok
17,Employé(e) commercial (TP) [HSP 1er NQ],DIRECTION REGIONALE AFPA NOUVELLE-AQUITAINE,17000 La Rochelle,AXYS | 33 Rue DU REMPART ST CLAUDE | 17000 La Rochelle | France,Durée de 945 heures (dont 280 heures en entreprise),Prochaine session,http://www.afpa.fr/,mc_psr_nouvelle_aquitaine@afpa.fr,mc_psr_nouvelle_aquitaine@afpa.fr | axysetien@orange.fr | axystayeb@orange.fr,france_travail,100,0546411640,0546411640 | 0679890571,Certifiante,Formation financée par la région,En centre,,"Période d'intégration Employé Commercial - Intégrer son groupe et sa formation J'apprends à apprendreS'approprier les objectifs de la formation et repérer son futur environnement professionnelPréciser ses besoins de formation et contractualiser son parcours personnaliséS'inscrire dans une perspective d'emploi - 35 hModule 1 Mettre à disposition des clients les produits de l'unité marchande dans un environnement omnicanal - Appliquer les règles et les obligations légales du recyclage, du tri sélectif des déchets et de la réduction du gaspillageRéceptionner et stocker la marchandiseComprendre les règles de merchandisingParticiper à la mise en oeuvre d'une opération commercialeVeiller à la mise en oeuvre des mesures de prévention adaptées à l'hygiène et à la sécuritéTraiter les commandes des clients - 140 hPériode d'application en entreprise 1 - Se confronter à la réalité professionnelleMettre en application des acquisDévelopper des compétences transversesEtablir un réseau favorisant l'insertion professionnelle - 140 hModule 2 Accueillir et accompagner le client dans un point de vente - Accueillir les clients et mettre en oeuvre des conditions favorables à l'accueil des personnes en situation de handicapProposer les programmes et services de fidélisation de l'unité marchande et conclure l'entretien de venteTenir un poste de caisse et superviser les caisses libre-serviceComprendre l'évolution du digital et les enjeux de la valorisation de l'expérience d'achat dans un contexte omnicanalValoriser l'image de l'unité marchande en s'appropriant les principes majeurs de l'écocitoyenneté tout au long de l'expérience d'achat - 140 hPériode d'application en entreprise 2 (environnement omnicanal) - Se confronter à la réalité professionnelleMettre en application des acquisRenforcer ses compétences transversesDévelopper son réseau professionnel - 140 hPériode de certification - Certification Employé Commercial - 35 hSensibilisation aux enjeux du développement durable - Néo Terra Niveau 1 - Rappel historique : du développement durable aux transitions énergétique, écologique et sociétale.Évaluer sa propre empreinte écologique / prendre conscience de son propre impact (quiz, impactco2.fr, fresque du climat...Définir les points de progrès individuels et collectifs applicables dans la vie quotidie | Validation | Type de validation : | Diplôme autres ministères | Certification :",Type de validation : | Diplôme autres ministères | Certification : | Titre professionnel employé commercial,https://candidat.francetravail.fr/formations/detail/10910505/true/false/false/true,https://candidat.francetravail.fr/formations/recherche?filtreEstFormationEnCoursOuAVenir=formEnCours&filtreEstFormationTerminee=formEnCours&ou=DEPARTEMENT-17&range=110-119&tri=0,ok
17,Commis de cuisine (TP) [HSP 1er NQ],CENTRE DE FORMATION FARE 16-ROC FLEURI (FARE 16),17300 Rochefort,AFPA ROCHEFORT | 57 Avenue BERNADOTTE | 17300 Rochefort | France,Durée de 1155 heures (dont 455 heures en entreprise),Prochaine session,https://fare16.cneap.fr/,comptable.fare16@cneap.fr,comptable.fare16@cneap.fr | formations-rochefort@afpa.fr | lisa.perrotin@afpa.fr,france_travail,100,0699077417,0699077417 | 0616046682,Certifiante,Formation financée par la région,En centre,,"Positionnement Accompagnement socio-professionnel générique - Réalisation de diagnosticsDéfinition du parcours individualiséIdentification des freins Bilan intermédiaire et final - 63 hCAP Organisation de la production de cuisine UP1 - -Réceptionner, contrôler et stocker les marchandises dans le respect de la réglementation en vigueur et en appliquant les techniques de prévention liées à l'activité- Collecter l'ensemble des informations et organiser sa production culinaire dans le respect des consignes et de temps imparti - 105 hCAP Réalisation de la production de cuisine UP2 - - Préparer, organiser et maintenir en état son poste de travail tout au long de l'activité dans le respect de la réglementation en vigueur- Maîtriser les techniques culinaires de base et réaliser une production dans le respect des consignes et des règles d'hygiène et de sécurité- Analyser, contrôler la qualité de sa production, dresser et participer à la distribution selon le contexte professionnel- Communiquer en fonction du contexte professionnel et en respectant les usages de la profession - 336 hCAP Prévention-santé-environnement UP3 - - Appliquer une méthode d'analyse d'une situation de la vie professionnelle ou quotidienne et d'une documentation- Mettre en relation un phénomène physiologique, un enjeu environnemental, une disposition réglementaire, avec une mesure de prévention- Proposer une solution pour résoudre un problème lié à la santé, l'environnement ou la consommation et argumenter un choix - Communiquer à l'écrit et à l'oral avec une syntaxe claire et un vocabulaire technique adapté- Agir face à une situation d'urgence - 35 hCAP Français et Histoire-géographie Enseignement moral et civique - - Entrer dans l'échange oral et écrit : écouter, réagir, s'exprimer, lire, analyser, écrire- Devenir un lecteur compétent et critique- Confronter des savoirs et des valeurs pour construire son identité culturelle- Histoire-Géographie et Enseignement moral et civique- Appréhender la diversité des sociétés et la richesse des cultures- Repérer la situation étudiée dans le temps et dans l'espace- Relever, classer et hiérarchiser les informations contenues dans un document selon des critères donnés- Acquérir une démarche citoyenne à partir de son environnement quotidien - 56 hCAP Mathématiques - Physique - Chimie - | Validation | Type de validation : | Diplôme autres ministères | Certification :",Type de validation : | Diplôme autres ministères | Certification : | Titre professionnel commis de cuisine,https://candidat.francetravail.fr/formations/detail/10919965/true/false/false/true,https://candidat.francetravail.fr/formations/recherche?filtreEstFormationEnCoursOuAVenir=formEnCours&filtreEstFormationTerminee=formEnCours&ou=DEPARTEMENT-17&range=110-119&tri=0,ok
17,"Serveur, Serveuse en hôtellerie-restauration (TP) [HSP 1er NQ]",CENTRE DE FORMATION FARE 16-ROC FLEURI (FARE 16),17300 Rochefort,AFPA ROCHEFORT | 57 Avenue BERNADOTTE | 17300 Rochefort | France,Durée de 1155 heures (dont 455 heures en entreprise),Prochaine session,https://fare16.cneap.fr/,comptable.fare16@cneap.fr,comptable.fare16@cneap.fr | formations-rochefort@afpa.fr | lisa.perrotin@afpa.fr,france_travail,100,0699077417,0699077417 | 0616046682,Certifiante,Formation financée par la région,En centre,,"TP Positionnement Accompagnement socio-professionnel générique - Réalisation des diagnosticsDéfinition du parcours individualiséIdentification des freinsBilan intermédiaire et final - 63 hTP Réaliser les travaux préalables au service en restauration - - Nettoyer et entretenir les espaces de restauration et les locaux annexes- Mettre en place les espaces de restauration et les locaux annexes- Mettre en place les différents types de buffet - 126 hTP Accueillir, conseiller le client et prendre sa commande - - Accueillir la clientèle et l'accompagner à sa table- Présenter cartes et menus, prendre la commande et la communiquer aux services concernés - 154 hTP Réaliser le service en restauration - - Préparer et servir les boissons en respectant les règles de service- Effectuer les différents types de service à table et au buffet- Préparer, vérifier une addition et l'encaisser - 154 hTP Règles d'hygiène dans la restauration et les commerces alimentaires - Donner à chaque participant les connaissances d'hygiène nécessaires afin: De produire un travail de qualité- De respecter dans chaque secteur de soin les règles d'hygiène en utilisant convenablement le matériel et les produits d'entretien- Situer et valoriser les responsabilités et le rôle du personnel dans la prévention des infections nosocomiales - 14 hTP Gestes et postures - - Acquérir les compétences nécessaires pour contribuer à la mise en oeuvre de la prévention des risques liés à l'activité physique - 14 hTP Sensibilisation au numérique Responsable - Intégrer les enjeux du numérique dans ses pratiques quotidiennes et professionnelles par :L'hygiène numérique compatible avec une pratique responsableLa santé mentale dans l'utilisation d'internetTerritoire numérique responsableBonnes pratiquesLa cybersécurité dans ses pratiques du numériqueLes types d'attaques et conséquencesUtilisateur modérateur et trace numériqueLiberté numérique et l'utilisation des outilsLe règlement général sur la protection des donnéesTraces et e-réputationSources d'information et règlementation CNILDroits d'utilisation, d'auteur et à l'imag - 14 hTP Sensibilisation aux valeurs de la République - - Participer à une meilleure compréhension des enjeux d'une société fondée sur les vale | Validation | Type de validation : | Diplôme autres ministères | Certification :",Type de validation : | Diplôme autres ministères | Certification : | Titre professionnel serveur en restauration,https://candidat.francetravail.fr/formations/detail/10919967/true/false/false/false,https://candidat.francetravail.fr/formations/recherche?filtreEstFormationEnCoursOuAVenir=formEnCours&filtreEstFormationTerminee=formEnCours&ou=DEPARTEMENT-17&range=110-119&tri=0,ok
17,Agent(e) de service médico-social (TP) [HSP 1er NQ],GRETA POITOU-CHARENTES - SIÈGE ADMINISTRATIF,17300 Rochefort,AFPA ROCHEFORT | 57 Avenue BERNADOTTE | 17300 Rochefort | France,Durée de 1015 heures (dont 455 heures en entreprise),Prochaine session,http://www.greta-poitou-charentes.fr/,commercial.greta.agence-poitiers@ac-poitiers.fr,commercial.greta.agence-poitiers@ac-poitiers.fr | formations-rochefort@afpa.fr | lisa.perrotin@afpa.fr,france_travail,100,0699077417,0699077417 | 0616046682,Certifiante,Formation financée par la région,En centre,,"Bloc de compétences 1 - Réaliser le nettoyage et le bio nettoyage des locaux en s'adaptant à la présence des résidents - Participer à la vie de l'établissementAppliquer les techniques professionnelles d'entretien des locaux dans les espaces communs, la chambre du résident, la salle de bain dans le respect de la présence des résidentsUtiliser les produits, matériels, protocoles, en se protégeant et en protégeant les autres Gérer le temps de son interventionS'organiser et gérer des stocksComprendre la notion de développement durable et l'intégrer dans son activité professionnelle au quotidien - 147 hBloc de compétences 2 - Contribuer aux prestations du service hôtelier en respectant les standards de qualité de l'établissement - Contribuer au service du linge des résidents et de l'établissement, gérer les stocks en lingerieConnaitre et appliquer les moyens de prévention des infections, précautions standards, précautions en cas d'épidémieAssurer la réfection d'un lit inoccupéContribuer au service des repas des résidents, respecter les goûts et consignes, adapter la présentation pour favoriser l'autonomie, préparer la salle à manger dans le respect des normes qualité de l'établissementCommuniquer avec les résidents, respecter leurs habitudes et autonomie - 98 hBloc de compétences 3 - Accompagner le résident dans les gestes de la vie quotidienne en tenant compte du projet - Accompagner le résident dans ses déplacementsAccompagner le résident à prendre son repas et à boireAppréhender les incidences des pathologies, handicaps et déficiences dans la vie quotidienne des résidentsCommuniquer avec l'équipe pluridisciplinaireObserver, écouter et établir des relations avec les résidentsIntervenir dans le respect des gestes de sécurité - 126 hPréparation à la Certification - Accompagner à la rédaction du Dossier ProfessionnelFinaliser les Epreuves en Cours de Formation (ECF)Préparer à l'épreuve finalePréparer à l'entretien final - 35 hLes périodes de formation en milieu professionnel (PFMP) - Les PFMP permettent de mettre en oeuvre ou d'acquérir des compétences sous la responsabilité d'une personne qualifiée (tuteur-trice) et d'apprendre à travailler en situation réelle avec les moyens et contraintes du milieu professionnel.L'alternance centre/entreprise répond à une progression péda | Validation | Type de validation : | Diplôme autres ministères | Certification :",Type de validation : | Diplôme autres ministères | Certification : | Titre professionnel agent de service médico-social,https://candidat.francetravail.fr/formations/detail/10920021/true/false/false/true,https://candidat.francetravail.fr/formations/recherche?filtreEstFormationEnCoursOuAVenir=formEnCours&filtreEstFormationTerminee=formEnCours&ou=DEPARTEMENT-17&range=110-119&tri=0,ok
16,Action préparatoire aux métiers de l'agriculture [HSP 1er NQ],CENTRE DE FORMATION PROFESSIONNELLE ET DE PROMOTION AGRICOLES (CFPPA L'OISELLERIE),16200 Triac-Lautrait,MAISON FAMILIALE RURALE D'ÉDUCATION ET D'ORIENTATION TRIAC LAUTRAIT | 16 Route DE COGNAC | 16200 Triac-Lautrait | France,Durée de 350 heures (dont 105 heures en entreprise),Prochaine session,http://www.epl-charente.com/,cfppa.angouleme@educagri.fr,cfppa.angouleme@educagri.fr | eric.verger@mfr.asso.fr,france_travail,100,0545353771,0545353771,,Formation financée par la région,En centre,,"Découverte des filières et des métiers - Découverte de l'activité professionnelle agricole sur le territoire : Spécificités, filières, métiers... (visites d'exploitations, interventions de professionnels) Les activités agricoles et leur saisonnalité- L'emploi agricole sur le territoire (intervention de partenaires emploi agricole) Les métiers : matériel et risques professionnels - 42 hElaboration du projet professionnel - Définir sa (ses) filière(s) :Le projet initial : Explicitation du projet et ses représentations par chaque candidatDécouvrir et se tester en situation : Visites- Travaux Pratiques en ateliers pédagogiquesChoix de filière : 1 à 3 pour répartir les immersions en stage en entrepriseAccompagnement vers les stages : Cartographie- Mobilité- Candidature (CV, Entretien,LM... Accompagnement personnalisé - 56 hConsolidation et concrétisation du projet professionnel - - Détermination du choix de filière, suite aux immersion : Représentation et explicitation des activités- Consolidation du projet : Projection dans l'activité, besoins (savoir, savoir-être, formations... Technique de Recherche d'Emploi (TRE) et accompagnement vers l'emploi/formation (selon projet personnel) : Présentation de son projet (personnel, professionnel, formation) Identification des compétences (acquises et à acquérir) accompagnement individualisé- Définir son besoin des compétences et les étapes de son projet (formation, emploi) déterminer un ""tableau de bord"" de projet - 56 hAcquisition des compétences nécessaires à l'intégration professionnelle - - Compétences sociales et civiques : lister les compétences nécessaires, la non discrimination (genre, génération, catégorie socio-pro... intégration en milieu professionnel- Savoir-être, aptitudes professionnelles (attitude et posture) : Communication, savoir explicité son activité, ponctualité, initiative, autonomie, écoute... Santé et sécurité au travail : Identification des facteurs de risques professionnels et adapter/adopter des comportements pour préserver sa santé et celle d'autrui - 49 hIdentification des freins, Accompagnent Socio Pro - Validation par le stagiaire de sa capacité à intégrer une formation/emploiIdentification des freins au projet : mobilité, financiers, handicap, socio, logement, restauration, addiction...Accompagnement personnalisé à la levée des | Organisme | CENTRE DE FORMATION PROFESSIONNELLE ET DE PROMOTION AGRICOLES (CFPPA L'OISELLERIE) | http://www.epl-charente.com | Lieu de la formation",,https://candidat.francetravail.fr/formations/detail/10904504/true/false/false/true,https://candidat.francetravail.fr/formations/recherche?filtreEstFormationEnCoursOuAVenir=formEnCours&filtreEstFormationTerminee=formEnCours&ou=DEPARTEMENT-16&range=100-109&tri=0,ok
16,"Viticulteur, Viticultrice (CAPA) [HSP 1er NQ]",CENTRE DE FORMATION PROFESSIONNELLE ET DE PROMOTION AGRICOLES (CFPPA L'OISELLERIE),16400 La Couronne,28 Allee de l Oisellerie | 16400 La Couronne | France,Durée de 1239 heures (dont 399 heures en entreprise),Prochaine session,http://www.epl-charente.com/,cfppa.angouleme@educagri.fr,cfppa.angouleme@educagri.fr | karine.durand@educagri.fr,france_travail,100,0545673695,0545673695,Certifiante,Formation financée par la région,En centre,,"Agir dans des situation de la vie courante à l'aide de repères sociaux (CG1) - - Prendre position dans une situation à caractère social et civique- Utiliser des outils dans des situations de la vie courante - 56 hMettre en oeuvre des actions contribuant à la construction personnelle (CG2) - - S'exprimer à travers une réalisation personnelle- Adopter des comportements favorisant son équilibre personnel - 56 hInteragir avec son environnement social (CG3) - - Adapter son langage et son comportement aux situations de communication- S'approprier les normes et cadres de référence d'un collectif - 49 hRéaliser des travaux sur les végétaux (CP4) - - Réaliser des observations et interventions sur le végétal- Réaliser des travaux de mise en place des végétaux - 189 hRéaliser des travaux de suivi des cultures de l'implantation à la récolte et au conditionnement (CP5) - - Réaliser des observations et opérations techniques liées au cycle de production- Effectuer des travaux de récolte, de conservation *et de conditionnement* (pour Arboriculture et Horticulture) - 196 hEffectuer des travaux liés à l'entretien courant des matériels, équipements, installations et bâtiments (CP6) - - Réaliser des opérations de maintenance conditionnelle des matériels, équipements, installations et bâtiments- Effectuer des travaux simples d'aménagement et de réparation - 147 hParticiper à la distillation charentaise (CP7) - - Réaliser un vin de chaudière- Participer à la distillation charentaise - 105 hSensibilisation Priorités Régionales - Identifier les enjeux du dérèglement climatique et proposer des alternatives : - Climat- Renaissance écologiqueSensibilisation aux valeurs de la république (référentiel ANCT) :Valeurs de la république et laïcité-Non discriminationSe questionner sur les impacts environnementaux du numérique, apprendre à mesurer, décrypter et agir, pour trouver sa place de citoyen dans un monde numérique.MOOC-L'identité numérique enjeux pour le citoyen (RGPD, Réseaux sociaux, - 35 hBilans - Intermédiaire et Final - 7 h | Validation | Type de validation : | Diplôme autres ministères | Certification :",Type de validation : | Diplôme autres ministères | Certification : | CAP agricole métiers de l'agriculture,https://candidat.francetravail.fr/formations/detail/10910457/true/false/false/true,https://candidat.francetravail.fr/formations/recherche?filtreEstFormationEnCoursOuAVenir=formEnCours&filtreEstFormationTerminee=formEnCours&ou=DEPARTEMENT-16&range=100-109&tri=0,ok
16,"Conseiller, Conseillère commercial (TP) [HSP 1er NQ]",DIRECTION REGIONALE AFPA NOUVELLE-AQUITAINE,16600 Magnac-sur-Touvre,ASSOCIATION NATIONALE POUR LA FORMATION PROFESSIONNELLE DES ADULTES | 104 Route Lac Melot Zone la Braconne | 16600 Magnac-sur-Touvre | France,Durée de 945 heures (dont 280 heures en entreprise),Prochaine session,http://www.afpa.fr/,mc_psr_nouvelle_aquitaine@afpa.fr,mc_psr_nouvelle_aquitaine@afpa.fr | formations-angouleme@afpa.fr | marion.lesueur@afpa.fr,france_travail,100,0648579860,0648579860 | 0545658101,Certifiante,Formation financée par la région,En centre,,"TP CC - Période d'intégration Conseiller commercial - Intégrer son groupe et sa formation S'approprier les objectifs de la formation et repérer son futur environnement professionnel Repérer les risques liés à l'exercice du métier et se sensibiliser au développement durable Préciser ses besoins de formation et contractualiser son parcours personnalisé S'inscrire dans une perspective d'emploi - 35 hTP CC - Module 1 Prospecter un secteur de vente - Assurer une veille professionnelle et commercialeMettre en oeuvre un plan d'actions commerciales et organiser son activitéProspecter à distanceProspecter physiquementAnalyser ses performances commerciales et en rendre compte - 280 hTP CC - Période Entreprise CCP1 - Se confronter à la réalité professionnelleMettre en application des acquis Développer des compétences transversesEtablir un réseau favorisant l'insertion professionnelle - 140 hTP CC - Module 2 Vendre en face à face des produits et des services référencés aux entreprises et aux particuliers - Représenter l'entreprise et valoriser son imageConduire un entretien de venteAssurer le suivi de ses ventesFidéliser son portefeuille client - 280 hTP CC - Période Entreprise CCP2 - Se confronter à la réalité professionnelleMettre en application des acquis Développer des compétences transversesEtablir un réseau favorisant l'insertion professionnelle - 140 hTP CC - Période de synthèse du parcours professionnel - Analyse de ses apprentissagesFinalisation de son dossier professionnelPréparation de la session de validation - 35 hTP CC - Période de certification - Certification Conseiller Commercial - 35 hTP CC - Sensibilisation aux enjeux du développement durable - Néo Terra Niveau 1 - Rappel historique : du développement durable aux transitions énergétique, écologique et sociétale.Évaluer sa propre empreinte écologique / prendre conscience de son propre impact (quiz, impactco2.fr, fresque du climat...Définir les points de progrès individuels et collectifs applicables dans la vie quotidienne, en formation et dans le milieu professionnel (Intervention d'acteurs locaux type ressourcerie, SIVOM, association de facilitation des mobilités douces, ... - 14 hTP CC - Sensibilisation aux enjeux des valeurs de la république.... - APPREHENDERRecontextualisation du principe de laïcité. Présentation : liber | Validation | Type de validation : | Diplôme autres ministères | Certification :",Type de validation : | Diplôme autres ministères | Certification : | Titre professionnel conseiller commercial,https://candidat.francetravail.fr/formations/detail/10910468/true/false/false/true,https://candidat.francetravail.fr/formations/recherche?filtreEstFormationEnCoursOuAVenir=formEnCours&filtreEstFormationTerminee=formEnCours&ou=DEPARTEMENT-16&range=100-109&tri=0,ok
16,"Serveur, Serveuse en hôtellerie-restauration (TP) [HSP 1er NQ]",CENTRE DE FORMATION FARE 16-ROC FLEURI (FARE 16),16710 Saint-Yrieix-sur-Charente,14 Allee PIERRE GAULT | 16710 Saint-Yrieix-sur-Charente | France,Durée de 1155 heures (dont 455 heures en entreprise),Prochaine session,https://fare16.cneap.fr/,comptable.fare16@cneap.fr,comptable.fare16@cneap.fr | accueil.fare16@cneap.fr,france_travail,100,0545315917,0545315917,Certifiante,Formation financée par la région,En centre,,"TP Positionnement Accompagnement socio-professionnel générique - Réalisation des diagnosticsDéfinition du parcours individualiséIdentification des freinsBilan intermédiaire et final - 63 hTP Réaliser les travaux préalables au service en restauration - - Nettoyer et entretenir les espaces de restauration et les locaux annexes- Mettre en place les espaces de restauration et les locaux annexes- Mettre en place les différents types de buffet - 126 hTP Accueillir, conseiller le client et prendre sa commande - - Accueillir la clientèle et l'accompagner à sa table- Présenter cartes et menus, prendre la commande et la communiquer aux services concernés - 154 hTP Réaliser le service en restauration - - Préparer et servir les boissons en respectant les règles de service- Effectuer les différents types de service à table et au buffet- Préparer, vérifier une addition et l'encaisser - 154 hTP Règles d'hygiène dans la restauration et les commerces alimentaires - Donner à chaque participant les connaissances d'hygiène nécessaires afin: De produire un travail de qualité- De respecter dans chaque secteur de soin les règles d'hygiène en utilisant convenablement le matériel et les produits d'entretien- Situer et valoriser les responsabilités et le rôle du personnel dans la prévention des infections nosocomiales - 14 hTP Gestes et postures - - Acquérir les compétences nécessaires pour contribuer à la mise en oeuvre de la prévention des risques liés à l'activité physique - 14 hTP Sensibilisation au numérique Responsable - Intégrer les enjeux du numérique dans ses pratiques quotidiennes et professionnelles par :L'hygiène numérique compatible avec une pratique responsableLa santé mentale dans l'utilisation d'internetTerritoire numérique responsableBonnes pratiquesLa cybersécurité dans ses pratiques du numériqueLes types d'attaques et conséquencesUtilisateur modérateur et trace numériqueLiberté numérique et l'utilisation des outilsLe règlement général sur la protection des donnéesTraces et e-réputationSources d'information et règlementation CNILDroits d'utilisation, d'auteur et à l'imag - 14 hTP Sensibilisation aux valeurs de la République - - Participer à une meilleure compréhension des enjeux d'une société fondée sur les vale | Validation | Type de validation : | Diplôme autres ministères | Certification :",Type de validation : | Diplôme autres ministères | Certification : | Titre professionnel serveur en restauration,https://candidat.francetravail.fr/formations/detail/10910484/true/false/false/true,https://candidat.francetravail.fr/formations/recherche?filtreEstFormationEnCoursOuAVenir=formEnCours&filtreEstFormationTerminee=formEnCours&ou=DEPARTEMENT-16&range=100-109&tri=0,ok
16,Commis de cuisine (TP) [HSP 1er NQ],CENTRE DE FORMATION FARE 16-ROC FLEURI (FARE 16),16710 Saint-Yrieix-sur-Charente,14 Allee PIERRE GAULT | 16710 Saint-Yrieix-sur-Charente | France,Durée de 1155 heures (dont 455 heures en entreprise),Prochaine session,https://fare16.cneap.fr/,comptable.fare16@cneap.fr,comptable.fare16@cneap.fr | accueil.fare16@cneap.fr,france_travail,100,0545315917,0545315917,Certifiante,Formation financée par la région,En centre,,"Positionnement Accompagnement socio-professionnel générique - Réalisation de diagnosticsDéfinition du parcours individualiséIdentification des freins Bilan intermédiaire et final - 63 hCAP Organisation de la production de cuisine UP1 - -Réceptionner, contrôler et stocker les marchandises dans le respect de la réglementation en vigueur et en appliquant les techniques de prévention liées à l'activité- Collecter l'ensemble des informations et organiser sa production culinaire dans le respect des consignes et de temps imparti - 105 hCAP Réalisation de la production de cuisine UP2 - - Préparer, organiser et maintenir en état son poste de travail tout au long de l'activité dans le respect de la réglementation en vigueur- Maîtriser les techniques culinaires de base et réaliser une production dans le respect des consignes et des règles d'hygiène et de sécurité- Analyser, contrôler la qualité de sa production, dresser et participer à la distribution selon le contexte professionnel- Communiquer en fonction du contexte professionnel et en respectant les usages de la profession - 336 hCAP Prévention-santé-environnement UP3 - - Appliquer une méthode d'analyse d'une situation de la vie professionnelle ou quotidienne et d'une documentation- Mettre en relation un phénomène physiologique, un enjeu environnemental, une disposition réglementaire, avec une mesure de prévention- Proposer une solution pour résoudre un problème lié à la santé, l'environnement ou la consommation et argumenter un choix - Communiquer à l'écrit et à l'oral avec une syntaxe claire et un vocabulaire technique adapté- Agir face à une situation d'urgence - 35 hCAP Français et Histoire-géographie Enseignement moral et civique - - Entrer dans l'échange oral et écrit : écouter, réagir, s'exprimer, lire, analyser, écrire- Devenir un lecteur compétent et critique- Confronter des savoirs et des valeurs pour construire son identité culturelle- Histoire-Géographie et Enseignement moral et civique- Appréhender la diversité des sociétés et la richesse des cultures- Repérer la situation étudiée dans le temps et dans l'espace- Relever, classer et hiérarchiser les informations contenues dans un document selon des critères donnés- Acquérir une démarche citoyenne à partir de son environnement quotidien - 56 hCAP Mathématiques - Physique - Chimie - | Validation | Type de validation : | Diplôme autres ministères | Certification :",Type de validation : | Diplôme autres ministères | Certification : | Titre professionnel commis de cuisine,https://candidat.francetravail.fr/formations/detail/10910486/true/false/false/true,https://candidat.francetravail.fr/formations/recherche?filtreEstFormationEnCoursOuAVenir=formEnCours&filtreEstFormationTerminee=formEnCours&ou=DEPARTEMENT-16&range=100-109&tri=0,ok
16,"Horticulteur, horticultrice (CAPA) [HSP 1er NQ]",CENTRE DE FORMATION PROFESSIONNELLE ET DE PROMOTION AGRICOLES (CFPPA L'OISELLERIE),16400 La Couronne,28 Allee de l Oisellerie | 16400 La Couronne | France,Durée de 1239 heures (dont 399 heures en entreprise),Prochaine session,http://www.epl-charente.com/,cfppa.angouleme@educagri.fr,cfppa.angouleme@educagri.fr | karine.durand@educagri.fr,france_travail,100,0545673695,0545673695,Certifiante,Formation financée par la région,En centre,,"Agir dans des situation de la vie courante à l'aide de repères sociaux ( CG1) - - Prendre position dans une situation à caractère social et civique- Utiliser des outils dans des situations de la vie courante - 56 hMettre en oeuvre des actions contribuant à la construction personnelle (CG2) - - S'exprimer à travers une réalisation personnelle- Adopter des comportements favorisant son équilibre personnel - 56 hInteragir avec son environnement social (CG3) - - Adapter son langage et son comportement aux situations decommunication- S'approprier les normes et cadres de référence d'un collectif - 49 hRéaliser des travaux sur les végétaux ( CP4) - - Réaliser des observations et interventions sur le végétal- Réaliser des travaux de mise en place des végétaux - 189 hRéaliser des travaux de suivi des cultures de l'implantation à la récolte et au conditionnement ( CP5) - - Réaliser des observations et opérations techniques liées au cycle de production- Effectuer des travaux de récolte, de conservation et de conditionnement - 196 hEffectuer des travaux liés à l'entretien courant des matériels , équipements, installations et bâtiments (CP6) - - Réaliser des opérations de maintenance conditionnelle des matériels, équipements, installations et bâtiments- Effectuer des travaux simples d'aménagement et de réparation - 147 hS'adapter à des enjeux professionnels locaux (CP7) - Pour le département 16, UCARE ""Vente et commercialisation de produits horticoles"" : Accueillir les clients- Vendre directement les produits de l'atelierPour le département 17, UCARE ""Initiation aux travaux viticoles"" : Préparer les principaux travaux liés au vignoble. Réaliser les travaux liés au vignoble - 105 hSensibilisation Priorités Régionales - Identifier les enjeux du dérèglement climatique et proposer des alternatives : - Climat- Renaissance écologiqueSensibilisation aux valeurs de la république (référentiel ANCT) :Valeurs de la république et laïcité-Non discriminationSe questionner sur les impacts environnementaux du numérique, apprendre à mesurer, décrypter et agir, pour trouver sa place de citoyen dans un monde numérique.MOOC-L'identité numérique enjeux pour le citoyen (RGPD, Réseaux sociaux, - 35 hBilans - Intermédiaire et Final - 7 | Validation | Type de validation : | Diplôme autres ministères | Certification :",Type de validation : | Diplôme autres ministères | Certification : | CAP agricole métiers de l'agriculture,https://candidat.francetravail.fr/formations/detail/10910500/true/false/false/true,https://candidat.francetravail.fr/formations/recherche?filtreEstFormationEnCoursOuAVenir=formEnCours&filtreEstFormationTerminee=formEnCours&ou=DEPARTEMENT-16&range=100-109&tri=0,ok
16,"Jardinier, Jardinière paysagiste (CAPA) [HSP 1er NQ]",CENTRE DE FORMATION PROFESSIONNELLE ET DE PROMOTION AGRICOLES (CFPPA L'OISELLERIE),16400 La Couronne,28 Allee de l Oisellerie | 16400 La Couronne | France,Durée de 1239 heures (dont 399 heures en entreprise),Prochaine session,http://www.epl-charente.com/,cfppa.angouleme@educagri.fr,cfppa.angouleme@educagri.fr | karine.durand@educagri.fr,france_travail,100,0545673695,0545673695,Certifiante,Formation financée par la région,En centre,,"Agir dans des situation de la vie courante à l'aide de repères sociaux (CG1) - - Prendre position dans une situation à caractère social et civique- Utiliser des outils dans des situations de la vie courante - 56 hMettre en oeuvre des actions contribuant à la construction personnelle (CG2) - - S'exprimer à travers une réalisation personnelle- Adopter des comportements favorisant son équilibre personnel - 56 hInteragir avec son environnement social (CG3) - - Adapter son langage et son comportement aux situations de communication- S'approprier les normes et cadres de référence d'un collectif - 49 hRéaliser en sécurité des travaux d'entretien paysager (CP4) - - Entretenir la végétation- Réaliser l'entretien des installations et des infrastructures paysagères - 189 hRéaliser en sécurité des travaux d'aménagement paysager (CP5) - - Réaliser des travaux de mise en place des végétaux- Réaliser des travaux de mise en place d'installations et d'infrastructures paysagères - 196 hEffectuer des travaux liés à l'entretien courant des matériels et équipements (CP6) - - Réaliser des opérations de maintenance conditionnelle des matériels et équipements- Réaliser des opérations de maintenance corrective des matériels et équipements - 147 hS'adapter à des enjeux professionnels locaux (CP7) - Pour le département 16, UCARE ""Bassin de rétention"" : Mettre en oeuvre un bassin de rétention- Entretenir un bassin de rétentionPour le département 17, UCARE ""Corridors-Abris Faune"" :Réaliser la mise en place de corridors écologiques et abris petite faune ( 70H) - 105 hSensibilisation Priorités Régionales - Identifier les enjeux du dérèglement climatique et proposer des alternatives : - Climat- Renaissance écologiqueSensibilisation aux valeurs de la république (référentiel ANCT) :Valeurs de la république et laïcité-Non discriminationSe questionner sur les impacts environnementaux du numérique, apprendre à mesurer, décrypter et agir, pour trouver sa place de citoyen dans un monde numérique.MOOC-L'identité numérique enjeux pour le citoyen (RGPD, Réseaux sociaux, - 35 hBilans - Intermédiaire et Final - 7 h | Validation | Type de validation : | Diplôme autres ministères | Certification :",Type de validation : | Diplôme autres ministères | Certification : | CAP agricole jardinier paysagiste,https://candidat.francetravail.fr/formations/detail/10910501/true/false/false/true,https://candidat.francetravail.fr/formations/recherche?filtreEstFormationEnCoursOuAVenir=formEnCours&filtreEstFormationTerminee=formEnCours&ou=DEPARTEMENT-16&range=100-109&tri=0,ok
16,Agent(e) de service médico-social (TP) [HSP 1er NQ],GRETA POITOU-CHARENTES - SIÈGE ADMINISTRATIF,16600 Mornac,ASSOCIATION NATIONALE POUR LA FORMATION PROFESSIONNELLE DES ADULTES | 104 Route Lac Melot Zone la Braconne | 16600 Mornac | France,Durée de 1015 heures (dont 455 heures en entreprise),Prochaine session,http://www.greta-poitou-charentes.fr/,commercial.greta.agence-poitiers@ac-poitiers.fr,commercial.greta.agence-poitiers@ac-poitiers.fr | formations-angouleme@afpa.fr,france_travail,100,0648579860,0648579860,Certifiante,Formation financée par la région,En centre,,"Bloc de compétences 1 - Réaliser le nettoyage et le bio nettoyage des locaux en s'adaptant à la présence des résidents - Participer à la vie de l'établissementAppliquer les techniques professionnelles d'entretien des locaux dans les espaces communs, la chambre du résident, la salle de bain dans le respect de la présence des résidentsUtiliser les produits, matériels, protocoles, en se protégeant et en protégeant les autres Gérer le temps de son interventionS'organiser et gérer des stocksComprendre la notion de développement durable et l'intégrer dans son activité professionnelle au quotidien - 147 hBloc de compétences 2 - Contribuer aux prestations du service hôtelier en respectant les standards de qualité de l'établissement - Contribuer au service du linge des résidents et de l'établissement, gérer les stocks en lingerieConnaitre et appliquer les moyens de prévention des infections, précautions standards, précautions en cas d'épidémieAssurer la réfection d'un lit inoccupéContribuer au service des repas des résidents, respecter les goûts et consignes, adapter la présentation pour favoriser l'autonomie, préparer la salle à manger dans le respect des normes qualité de l'établissementCommuniquer avec les résidents, respecter leurs habitudes et autonomie - 98 hBloc de compétences 3 - Accompagner le résident dans les gestes de la vie quotidienne en tenant compte du projet - Accompagner le résident dans ses déplacementsAccompagner le résident à prendre son repas et à boireAppréhender les incidences des pathologies, handicaps et déficiences dans la vie quotidienne des résidentsCommuniquer avec l'équipe pluridisciplinaireObserver, écouter et établir des relations avec les résidentsIntervenir dans le respect des gestes de sécurité - 126 hPréparation à la Certification - Accompagner à la rédaction du Dossier ProfessionnelFinaliser les Epreuves en Cours de Formation (ECF)Préparer à l'épreuve finalePréparer à l'entretien final - 35 hLes périodes de formation en milieu professionnel (PFMP) - Les PFMP permettent de mettre en oeuvre ou d'acquérir des compétences sous la responsabilité d'une personne qualifiée (tuteur-trice) et d'apprendre à travailler en situation réelle avec les moyens et contraintes du milieu professionnel.L'alternance centre/entreprise répond à une progression péda | Validation | Type de validation : | Diplôme autres ministères | Certification :",Type de validation : | Diplôme autres ministères | Certification : | Titre professionnel agent de service médico-social,https://candidat.francetravail.fr/formations/detail/10919993/true/false/false/true,https://candidat.francetravail.fr/formations/recherche?filtreEstFormationEnCoursOuAVenir=formEnCours&filtreEstFormationTerminee=formEnCours&ou=DEPARTEMENT-16&range=100-109&tri=0,ok
16,,,,,,,,,,introuvable,0,,,,,,,,,https://candidat.francetravail.fr/formations/detail/10921924/true/false/false/true,https://candidat.francetravail.fr/formations/recherche?filtreEstFormationEnCoursOuAVenir=formEnCours&filtreEstFormationTerminee=formEnCours&ou=DEPARTEMENT-16&range=100-109&tri=0,"erreur: Page.goto: Timeout 90000ms exceeded.
Call log:
  - navigating to ""https://candidat.francetravail.fr/formations/detail/10921924/true/false/false/true"", waiting until ""networkidle""
"
16,,,,,,,,,,introuvable,0,,,,,,,,,https://candidat.francetravail.fr/formations/detail/10921931/true/false/false/true,https://candidat.francetravail.fr/formations/recherche?filtreEstFormationEnCoursOuAVenir=formEnCours&filtreEstFormationTerminee=formEnCours&ou=DEPARTEMENT-16&range=100-109&tri=0,"erreur: Page.goto: Timeout 90000ms exceeded.
Call log:
  - navigating to ""https://candidat.francetravail.fr/formations/detail/10921931/true/false/false/true"", waiting until ""networkidle""
"
14,Accompagnement vers emploi et vers la formation - Ecole de la 2ème chance,1ère Ecole de la Deuxième Chance de Normandie : E2C - Site Herouville-St-Clair (E2C NORMANDIE - Centre de formation d'insertion professionnelle),14200 Hérouville-Saint-Clair,717 Boulevard de la Grande Delle | 14200 Hérouville-Saint-Clair | France,Durée de 1210 heures (dont 560 heures en entreprise),Prochaine session,https://www.e2cnormandie.fr/,contact@e2cnormandie.fr,contact@e2cnormandie.fr,france_travail,100,0261670985,0261670985,,Formation financée par la région,En centre,,"Ateliers et actions de construction et réalisation du projet professionnel.orientation pro, techniques de recherche d'emploi, réseau, coaching, visite d'entreprise, journées métier, job-dating, forums, plateaux techniques...Ateliers, actions et projets de développement des compétences socioprofessionnelles | employabilité (ouverture social, culturelle et sportive, citoyenneté, communication professionnelle orale, écrite, numérique, raisonnement logique...Alternance : 6 stages de 2 à 4 semaines, toutes les 3 semaines (50% du temps de formation) | Organisme | 1ère Ecole de la Deuxième Chance de Normandie : E2C - Site Herouville-St-Clair (E2C NORMANDIE - Centre de formation d'insertion professionnelle) | Lieu de la formation | 717 Boulevard de la Grande Delle",,https://candidat.francetravail.fr/formations/detail/10825210/true/false/false/false,https://candidat.francetravail.fr/formations/recherche?filtreEstFormationEnCoursOuAVenir=formEnCours&filtreEstFormationTerminee=formEnCours&ou=DEPARTEMENT-14&range=110-119&tri=0,ok
12,Préparation à l'entrée en institut de formation d'auxiliaire de puériculture,Leo Lagrange Formation,75004 Paris,Formation a distance | 75004 Paris | France,Durée de 207 heures (dont 35 heures en entreprise),Prochaine session,https://plmpl.fr/c/zFjGj,contact@ifra.fr,contact@ifra.fr,france_travail,100,0472892042,0472892042,,Formation financée par France Travail,À distance,,"MODULE 1 - Remise à niveau numérique préparatoire Objectifs : -Se connecter à une plateforme?de formation -Se repérer et naviguer sur une plateforme de formation -Se connecter à une classe virtuelle avec micro et caméra MODULE 2 - Remise à niveau - Français Objectif: Améliorer ses capacités rédactionnelles? rédiger, synthétiser, résumer, commenter MODULE 3 - Remise à niveau - Mathématiques Objectif : Utiliser les bases des mathématiques dans sa pratique professionnelle MODULE 4 - Remise à niveau - Biologie Objectif : Maîtriser les bases de la biologie nécessaires à l'entrée en école d'auxiliaire de puériculture MODULE 5 - Compétences numériques Objectifs: Être autonome sur l'outil numérique MODULE 6 - Connaissance du secteur sanitaire, de la petite enfance et du métier d'auxiliaire de puériculture Objectifs: -Connaître son environnement professionnel -Connaître son futur métier MODULE 7 - La relation d'aide Objectif: Acquérir les bases de la communication pour bien travailler en équipe et prendre en charge les enfants et leur famille MODULE 8 - Softskills Objectifs : -Développer et savoir mobiliser ses savoir-être professionnels? faire preuve d'autonomie, travailler en équipe, organiser son travail, gérer son stress, avoir le sens du service... -Acquérir les gestes et postures professionnels en adéquation avec les attentes actuelles du marché de l'emploi MODULE 9 - Aide à l'admission Objectifs : -Anticiper son entrée en école d'auxiliaire de puériculture -Savoir se présenter et présenter son projet professionnel MODULE 10 - Accompagnement à la recherche de stage Objectifs :Comprendre l'environnement professionnel -Rechercher une offre de stage -Préparer sa prise de contact MODULE 11 - Accompagnement au retour à l'emploi Objectifs : -Être outillé pour réussir sa recherche d'emploi -Mettre à jour son profil compétences? Stage en entreprise Objectif : Mieux appréhender l'environnement professionnel de la filière santé et soin | Organisme | Leo Lagrange Formation | Lieu de la formation | Formation a distance",,https://candidat.francetravail.fr/formations/detail/11128426/true/false/true/true,https://candidat.francetravail.fr/formations/recherche?filtreEstFormationEnCoursOuAVenir=formEnCours&filtreEstFormationTerminee=formEnCours&ou=DEPARTEMENT-12&range=110-119&tri=0,ok
12,BP option aménagements paysagers,EPLEFPA Chambéry La Motte-Servolex (Savoie) (EPLEFPA - Lycée agricole Reinach),75004 Paris,Formation a distance | 75004 Paris | France,Durée de 991 heures (dont 420 heures en entreprise),Prochaine session,https://plmpl.fr/c/zFjGj,epl.la-motte-servolex@educagri.fr,epl.la-motte-servolex@educagri.fr,france_travail,100,0479254180,0479254180,Certifiante,Formation financée par France Travail,À distance,,Référentiel RNCP - Code RNCP 38314 - est organisé autour de 6 blocs de compétences : - C1 - Se situer en tant que professionnel - C2 - Organiser le travail d'un chantier d'aménagement paysager - C3 - Réaliser les interventions de mise en place des végétaux - C4 - Réaliser les interventions d'entretien des végétaux - C5 - Mettre en place les infrastructures - UCARE - Mettre en place un jardin vivrier | Validation | Type de validation : | Diplôme autres ministères | Certification :,Type de validation : | Diplôme autres ministères | Certification : | BP option aménagements paysagers,https://candidat.francetravail.fr/formations/detail/11200732/true/false/true/true,https://candidat.francetravail.fr/formations/recherche?filtreEstFormationEnCoursOuAVenir=formEnCours&filtreEstFormationTerminee=formEnCours&ou=DEPARTEMENT-12&range=110-119&tri=0,ok
12,CAP Fleuriste,Centre européen de formation,75004 Paris,Formation a distance | 75004 Paris | France,Durée de 1296 heures (dont 560 heures en entreprise),Prochaine session,https://plmpl.fr/c/zFjGj,info@cenef.fr,info@cenef.fr,france_travail,100,0366060201,0366060201,Certifiante,Formation financée par France Travail,À distance,,"Le programme obligatoire de la formation est le suivant :BC01 - PREPARER LES PRODUITS, LES VEGETAUX ET REALISER UNE COMPOSITION FLORALEReconnaître les végétauxRéceptionner et conditionner les marchandisesRespecter les règles de sécuritéConnaître les techniques fondamentalesRéaliser des arrangements florauxAppliquer les règles de compositionSavoir harmoniserBC02 - VENDRE, CONSEILLER LE CLIENT ET METTRE EN VALEUR L'OFFREVendre des produits et conseiller le clientProposer des services et fidéliserMaintenir l'attractivité du point de venteCommuniquerConnaitre l'environnement éco juridique et social des activités professionnellesBC03 - PREVENTION SANTE ENVIRONNEMENTPrévention, santé, environnement, tome 1Prévention, santé, environnement, tome 2ANGLAIS (pour les élèves non dispensés)AnglaisMATIERES GENERALES (pour les élèves non dispensés)FrançaisMathématiquesSciencesHistoire - Géographie - Enseignement moral et civiquesDes cours facultatifs, conçus pour enrichir l'apprentissage de l'élève, sont prévus :Epreuves blanches EP1 , EP2 , PSE , Matières généralesFiches des végétaux | Validation | Type de validation : | Diplôme autres ministères | Certification :",Type de validation : | Diplôme autres ministères | Certification : | CAP fleuriste,https://candidat.francetravail.fr/formations/detail/11200737/true/false/true/true,https://candidat.francetravail.fr/formations/recherche?filtreEstFormationEnCoursOuAVenir=formEnCours&filtreEstFormationTerminee=formEnCours&ou=DEPARTEMENT-12&range=110-119&tri=0,ok
11,Titre professionnel de formateur professionnel d'adultes - Bloc 01 Concevoir et préparer la formation,CAMELEON (Caméléon Formation),11000 Carcassonne,8 bd marcou | 11000 Carcassonne | France,Durée de 189 heures (dont 105 heures en entreprise),Prochaine session,https://plmpl.fr/c/zFjGj,cameleonformation@gmail.com,cameleonformation@gmail.com,france_travail,100,0554543023,0554543023,Certifiante,Formation financée par un Opérateur de Compétences mandaté par les branches professionnelles concernées,En centre,,"Concevoir et préparer la formation : réalisation d'un cahier des charges- rédactiond'un scénario pédagogique et d'un plan d'accompagnement- conception d'un scénario pédagogique etd'accompagnement en présentiel et multimodal - conception d'activités pédagogiques et d'évaluationutilisant les neurosciences- les apports des neurosciences pour une pédagogie différenciée innovante- lesdifférentes modalités pédagogiques actives selon les objectifs - conception des outils del'individualisation -construire un storyboard, notion de storytelling et de synopsis - les différents LMS etlogiciels pour du e-learning- les IA génératives au service de la formation- intégration des cadresréglementaires à la pratique - la démarche de formateur responsable : réglementation et RSE . | Validation | Type de validation : | Diplôme autres ministères | Certification :",Type de validation : | Diplôme autres ministères | Certification : | Titre professionnel formateur professionnel d'adultes,https://candidat.francetravail.fr/formations/detail/10969948/true/false/false/false,https://candidat.francetravail.fr/formations/recherche?filtreEstFormationEnCoursOuAVenir=formEnCours&filtreEstFormationTerminee=formEnCours&ou=DEPARTEMENT-11&range=110-119&tri=0,ok
11,Titre professionnel formateur professionnel d'adultes - Bloc 03 Accomapgner les apprenants en formation,CAMELEON (Caméléon Formation),11000 Carcassonne,8 rue Marcou | 11000 Carcassonne | France,Durée de 35 heures,Prochaine session,https://plmpl.fr/c/zFjGj,cameleonformation@gmail.com,cameleonformation@gmail.com,france_travail,100,0554543023,0554543023,Certifiante,Formation financée par un Opérateur de Compétences mandaté par les branches professionnelles concernées,En centre,,Accompagner les apprenants enformation : adaptation duparcours et accompagnementdes apprenants - tutorat desapprenants à distance -coacherun apprenant selon les modalités- développer la réflexivité chez les apprenants- la métacognitioninclusivité-accompagnement des apprentissages en entreprise - accompagnement des apprenants à laréussite professionnelle - accompagnement d'un apprenant dans son parcours individuel - création d'undispositif de veille pour la démarche de formateur responsable - l'analyse de ses pratiquesprofessionnelles d'accompagnement | Validation | Type de validation : | Diplôme autres ministères | Certification :,Type de validation : | Diplôme autres ministères | Certification : | Titre professionnel formateur professionnel d'adultes,https://candidat.francetravail.fr/formations/detail/10969957/true/false/false/false,https://candidat.francetravail.fr/formations/recherche?filtreEstFormationEnCoursOuAVenir=formEnCours&filtreEstFormationTerminee=formEnCours&ou=DEPARTEMENT-11&range=110-119&tri=0,ok
11,Titre professionnel de formateur professionnel d'adultes - Bloc 02 Animer une formation et évaluer les acquis des apprenants,CAMELEON (Caméléon Formation),11000 Carcassonne,8 rue Marcou | 11000 Carcassonne | France,Durée de 161 heures (dont 105 heures en entreprise),Prochaine session,https://plmpl.fr/c/zFjGj,cameleonformation@gmail.com,cameleonformation@gmail.com,france_travail,100,0554543023,0554543023,Certifiante,Formation financée par un Opérateur de Compétences mandaté par les branches professionnelles concernées,En centre,,"Animer une formation et évaluer les acquis des apprenants : animation d'uneformation - évaluation en présentiel - évaluation en multimodalité - repérage des difficultés liées auxapprentissages - animation de situations d'apprentissage en présentiel et à distance - analyse de sespratiques professionnelles d'animation et d'évaluation des acquis - apprendre autrement : des outilspour toutes les typologies d'apprentissage- intelligences multiples- psychologie clinique desapprentissages- la démarche de formateur responsable - les profils neuroatypiques : EHP, DYS, TDAH,TSA, la démarche qualité etresponsabilité sociale del'entreprise . | Validation | Type de validation : | Diplôme autres ministères | Certification :",Type de validation : | Diplôme autres ministères | Certification : | Titre professionnel formateur professionnel d'adultes,https://candidat.francetravail.fr/formations/detail/10969959/true/false/false/false,https://candidat.francetravail.fr/formations/recherche?filtreEstFormationEnCoursOuAVenir=formEnCours&filtreEstFormationTerminee=formEnCours&ou=DEPARTEMENT-11&range=110-119&tri=0,ok
11,Hygiène en nologie,SOCIETE D'EXPLOITATION DES ETABLISSEMENTS DEJEAN (SEE DEJEAN),11100 Narbonne,Impasse Edouard Branly | 11100 Narbonne | France,Durée de 4 heures,Prochaine session,https://plmpl.fr/c/zFjGj,thierry.cassagne@labdejean.fr,thierry.cassagne@labdejean.fr,france_travail,100,0468410152,0468410152,,Formation financée par un Opérateur de Compétences mandaté par les branches professionnelles concernées,En centre,,"Définition des étapes de l'hygiène agro-alimentaire: détergence, désinfection, rinçageChoix du produit d'hygiène selon le bon ""S.E.N.S.Le ""T.A.C.T. pour nettoyer et désinfecterElaboration d'un plan d'hygiène | Organisme | SOCIETE D'EXPLOITATION DES ETABLISSEMENTS DEJEAN (SEE DEJEAN) | Lieu de la formation | Impasse Edouard Branly",,https://candidat.francetravail.fr/formations/detail/11080125/true/false/false/false,https://candidat.francetravail.fr/formations/recherche?filtreEstFormationEnCoursOuAVenir=formEnCours&filtreEstFormationTerminee=formEnCours&ou=DEPARTEMENT-11&range=110-119&tri=0,ok
11,"Elevage des vins : choix, durée, contrôle",SOCIETE D'EXPLOITATION DES ETABLISSEMENTS DEJEAN (SEE DEJEAN),11100 Narbonne,Impasse Edouard Branly | 11100 Narbonne | France,Durée de 4 heures,Prochaine session,https://plmpl.fr/c/zFjGj,thierry.cassagne@labdejean.fr,thierry.cassagne@labdejean.fr,france_travail,100,0676219742,0676219742,,Formation financée par un Opérateur de Compétences mandaté par les branches professionnelles concernées,En centre,,Définition de l'élevageRôle des gaz (CO2 et O2)Les différents modes d'élevageLe suivi analytique et microbiologique | Organisme | SOCIETE D'EXPLOITATION DES ETABLISSEMENTS DEJEAN (SEE DEJEAN) | Lieu de la formation | Impasse Edouard Branly,,https://candidat.francetravail.fr/formations/detail/11080181/true/false/false/false,https://candidat.francetravail.fr/formations/recherche?filtreEstFormationEnCoursOuAVenir=formEnCours&filtreEstFormationTerminee=formEnCours&ou=DEPARTEMENT-11&range=110-119&tri=0,ok
11,Vinification en rose : les fondamentaux,SOCIETE D'EXPLOITATION DES ETABLISSEMENTS DEJEAN (SEE DEJEAN),11100 Narbonne,Impasse Edouard Branly | 11100 Narbonne | France,Durée de 4 heures,Prochaine session,https://plmpl.fr/c/zFjGj,thierry.cassagne@labdejean.fr,thierry.cassagne@labdejean.fr,france_travail,100,0468410152,0468410152,,Formation financée par un Opérateur de Compétences mandaté par les branches professionnelles concernées,En centre,,"Définition du profil de vin souhaitéMaturation des raisins: détermination de la date optimale des vendangesItinéraires techniques généraux (pressurage direct, saignée)Opérations préfermentaires: transport, bioprotection, égrappage, foulage, pressurage,gestion de la couleur, débourbagePilotage de la fermentation alcoolique: SO2, levures, nutrition azotée, gestion O2, gestion profil T°Conservation du vin | Organisme | SOCIETE D'EXPLOITATION DES ETABLISSEMENTS DEJEAN (SEE DEJEAN) | Lieu de la formation | Impasse Edouard Branly",,https://candidat.francetravail.fr/formations/detail/11080222/true/false/false/false,https://candidat.francetravail.fr/formations/recherche?filtreEstFormationEnCoursOuAVenir=formEnCours&filtreEstFormationTerminee=formEnCours&ou=DEPARTEMENT-11&range=110-119&tri=0,ok
11,Vinification en rouge : les fondamentaux,SOCIETE D'EXPLOITATION DES ETABLISSEMENTS DEJEAN (SEE DEJEAN),11100 Narbonne,Impasse Edouard Branly | 11100 Narbonne | France,Durée de 4 heures,Prochaine session,https://plmpl.fr/c/zFjGj,thierry.cassagne@labdejean.fr,thierry.cassagne@labdejean.fr,france_travail,100,0468410152,0468410152,,Formation financée par un Opérateur de Compétences mandaté par les branches professionnelles concernées,En centre,,"Définition du profil de vin souhaitéMaturation des raisin: détermination de la date optimale des vendangesItinéraire technique général de la vinification en rougeCuvaison/macérationOpérations préfermentaires: transport, bioprorection, égrappage, foulage, MPFPilotage de la fermentation alcoolique: SO2, levures, nutriments, gestion profil thermique, gestion O2, techniques d'extractionOpérations Post macération:Ecoulage, décuvage, pressurage du marc,FMLElevage | Organisme | SOCIETE D'EXPLOITATION DES ETABLISSEMENTS DEJEAN (SEE DEJEAN) | Lieu de la formation | Impasse Edouard Branly",,https://candidat.francetravail.fr/formations/detail/11080224/true/false/false/false,https://candidat.francetravail.fr/formations/recherche?filtreEstFormationEnCoursOuAVenir=formEnCours&filtreEstFormationTerminee=formEnCours&ou=DEPARTEMENT-11&range=110-119&tri=0,ok
11,Repérer et identifier les principaux défauts du vin,SOCIETE D'EXPLOITATION DES ETABLISSEMENTS DEJEAN (SEE DEJEAN),11100 Narbonne,Impasse Edouard Branly | 11100 Narbonne | France,Durée de 4 heures,Prochaine session,https://plmpl.fr/c/zFjGj,thierry.cassagne@labdejean.fr,thierry.cassagne@labdejean.fr,france_travail,100,0468410152,0468410152,,Formation financée par un Opérateur de Compétences mandaté par les branches professionnelles concernées,En centre,,"Altérations d'origine microbienne:Contamination bactérienne: acescence, piqûre acétique, piqûre lactique, maladie de la tourne, maladie de l'amer, piqure mannitique, odeur de géranium, diacétyleContamination levurienne: brettanomyces, maladie de la fleur, goût de sourisOxydationRéductionMaladies dues à la qualité des raisins: les GMT, le goût herbacé-véétalAutres origines: goût de bouchon, pinking, goût d'huître, goût de lumière | Organisme | SOCIETE D'EXPLOITATION DES ETABLISSEMENTS DEJEAN (SEE DEJEAN) | Lieu de la formation | Impasse Edouard Branly",,https://candidat.francetravail.fr/formations/detail/11080227/true/false/false/false,https://candidat.francetravail.fr/formations/recherche?filtreEstFormationEnCoursOuAVenir=formEnCours&filtreEstFormationTerminee=formEnCours&ou=DEPARTEMENT-11&range=110-119&tri=0,ok
11,Vinification sans sulfites ajoutes ou à teneur réduite en sulfites,SOCIETE D'EXPLOITATION DES ETABLISSEMENTS DEJEAN (SEE DEJEAN),11100 Narbonne,Impasse Edouard Branly | 11100 Narbonne | France,Durée de 4 heures,Prochaine session,https://plmpl.fr/c/zFjGj,thierry.cassagne@labdejean.fr,thierry.cassagne@labdejean.fr,france_travail,100,0468410152,0468410152,,Formation financée par un Opérateur de Compétences mandaté par les branches professionnelles concernées,En centre,,Chimie du SO2Produits de substitution au SO2Gestion O2Itinéraires techniques de vinification alternatifsStabilisation et élevage des vins | Organisme | SOCIETE D'EXPLOITATION DES ETABLISSEMENTS DEJEAN (SEE DEJEAN) | Lieu de la formation | Impasse Edouard Branly,,https://candidat.francetravail.fr/formations/detail/11080266/true/false/false/false,https://candidat.francetravail.fr/formations/recherche?filtreEstFormationEnCoursOuAVenir=formEnCours&filtreEstFormationTerminee=formEnCours&ou=DEPARTEMENT-11&range=110-119&tri=0,ok
11,Vinification en blanc: les fondamentaux,SOCIETE D'EXPLOITATION DES ETABLISSEMENTS DEJEAN (SEE DEJEAN),11100 Narbonne,Impasse Edouard Branly | 11100 Narbonne | France,Durée de 4 heures,Prochaine session,https://plmpl.fr/c/zFjGj,thierry.cassagne@labdejean.fr,thierry.cassagne@labdejean.fr,france_travail,100,0468410152,0468410152,,Formation financée par un Opérateur de Compétences mandaté par les branches professionnelles concernées,En centre,,"Détermination du type de vin souhaitéMaturation du raisin: détermination de la date des vendangesItinéraire technique généralOpérations préfermentaires: transport, bioprotection, tri, éraflage, macération préfermentaire à froid, pressurage, débourbagePilotage de la fermentation alcoolique: SO2, levurage, nutrition azotée, gestion O2, maîtrise T°Elevage: en cuve, en barrique, sur lies fines | Organisme | SOCIETE D'EXPLOITATION DES ETABLISSEMENTS DEJEAN (SEE DEJEAN) | Lieu de la formation | Impasse Edouard Branly",,https://candidat.francetravail.fr/formations/detail/11080272/true/false/false/false,https://candidat.francetravail.fr/formations/recherche?filtreEstFormationEnCoursOuAVenir=formEnCours&filtreEstFormationTerminee=formEnCours&ou=DEPARTEMENT-11&range=110-119&tri=0,ok
06,Ecole de la 2ème Chance (E2C),Objectif 2ème chance - métropôle nice côte d'azur - ecole de la deuxième chance des alpes maritimes - odc nca - e2c,06200 Nice,455 Promenade des Anglais | Porte Arenas | 06200 Nice | France,Durée de 1100 heures (dont 500 heures en entreprise),Prochaine session,https://plmpl.fr/c/zFjGj,contact@e2cnicecotedazur.fr,contact@e2cnicecotedazur.fr,france_travail,100,04 12 05 20 05,04 12 05 20 05,,Formation financée par la région,En centre,,Programme non communiqué | Organisme | Objectif 2ème chance - métropôle nice côte d'azur - ecole de la deuxième chance des alpes maritimes - odc nca - e2c | Lieu de la formation | 455 Promenade des Anglais,,https://candidat.francetravail.fr/formations/detail/10681643/true/false/false/false,https://candidat.francetravail.fr/formations/recherche?filtreEstFormationEnCoursOuAVenir=formEnCours&filtreEstFormationTerminee=formEnCours&ou=DEPARTEMENT-06&range=110-119&tri=0,ok
04,Ecole de la 2ème Chance (E2C),Institut avenir provence - ecole de la deuxième chance des alpes de haute provence - iap - e2c 04,04000 Digne-les-Bains,4 avenue de Verdun | https://www.iap.asso.fr/ | 04000 Digne-les-Bains | France,Durée de 1100 heures (dont 500 heures en entreprise),Prochaine session,https://www.iap.asso.fr/,contact@iap.asso.fr,contact@iap.asso.fr,france_travail,100,04 92 87 46 10,04 92 87 46 10,,Formation financée par la région,En centre,,Programme non communiqué | Organisme | Institut avenir provence - ecole de la deuxième chance des alpes de haute provence - iap - e2c 04 | https://www.iap.asso.fr/ | Lieu de la formation,,https://candidat.francetravail.fr/formations/detail/10685143/true/false/false/false,https://candidat.francetravail.fr/formations/recherche?filtreEstFormationEnCoursOuAVenir=formEnCours&filtreEstFormationTerminee=formEnCours&ou=DEPARTEMENT-04&range=110-119&tri=0,ok
03,Titre professionnel secrétaire assistant médico-administratif (FOAD),OPENCLASSROOMS,75004 Paris,Formation a distance | 75004 Paris | France,Durée de 1084 heures (dont 280 heures en entreprise),Prochaine session,https://plmpl.fr/c/zFjGj,inscription@openclassrooms.com,inscription@openclassrooms.com,france_travail,100,0180888030,0180888030,Certifiante,Formation financée par France Travail,À distance,,"7 projets professionnalisants vous permettront d'acquérir les compétences citées au dessus par la pratique.Vous réaliserez les projets suivants :P1 - Démarrez votre formation de secrétaire assistant médico-administratifP2 - Niveau 1 : Maîtrisez l'accueil et la gestion administrative en milieu médicalP3 - Niveau 2 : Développez vos compétences en rédaction, communication et outils numériques en milieuP4 - Réalisez votre mission en entrepriseP5 - Niveau 3 : Optimisez l'organisation, la sécuritéet la gestion des données sensibles en milieu médicalP6 - Niveau 4 : Améliorez la gestion des communications, données et environnements sanitairesP7 - Préparez votre fin de formation de secrétaire assistant médico-administratif | Validation | Type de validation : | Diplôme autres ministères | Certification :",Type de validation : | Diplôme autres ministères | Certification : | Titre professionnel secrétaire assistant médico-administratif,https://candidat.francetravail.fr/formations/detail/11120327/true/false/true/false,https://candidat.francetravail.fr/formations/recherche?filtreEstFormationEnCoursOuAVenir=formEnCours&filtreEstFormationTerminee=formEnCours&ou=DEPARTEMENT-03&range=110-119&tri=0,ok
03,Formation au concours d'ATSEM,OPENCLASSROOMS,75004 Paris,Formation a distance | 75004 Paris | France,Durée de 346 heures,Prochaine session,https://plmpl.fr/c/zFjGj,inscription@openclassrooms.com,inscription@openclassrooms.com,france_travail,100,0180888030,0180888030,,Formation financée par France Travail,À distance,,"5 projets professionnalisants permettront au stagiaire d'acquérir par la pratique les compétences recquises. Chaque livrable enrichira son portfolio qu'il pourra valoriser auprès des recruteurs. Il réalisera les projets suivants : Projet 1 - Démarrez votre formation de préparation au concours ATSEM ; Projet 2 - Comprenez les institutions et le fonctionnement de l'école maternelle ; Projet 3 - Approfondissez le développement et les besoins des enfants de 0 à 6 ans ; Projet 4 - Maîtrisez la santé, la sécurité et les contours du métier d'ATSEM ; Projet 5 - Préparez-vous pour le concours ATSEM. | Organisme | OPENCLASSROOMS | Lieu de la formation | Formation a distance",,https://candidat.francetravail.fr/formations/detail/11120328/true/false/true/false,https://candidat.francetravail.fr/formations/recherche?filtreEstFormationEnCoursOuAVenir=formEnCours&filtreEstFormationTerminee=formEnCours&ou=DEPARTEMENT-03&range=110-119&tri=0,ok
03,Concours d'atsem (FOAD),Centre européen de formation,75004 Paris,Formation a distance | 75004 Paris | France,Durée de 522 heures (dont 261 heures en entreprise),Prochaine session,https://plmpl.fr/c/zFjGj,info@cenef.fr,info@cenef.fr,france_travail,100,0366060201,0366060201,,Formation financée par France Travail,À distance,,"Programme obligatoire Développement moteur de l'enfant Développement psychique de l'enfant Anomalies du développement de l'enfant Statut juridique de l'enfant et de la famille Cadre politique et administratif de la France Accidents et maladies infantiles Hygiène et confort de l'enfant de 0 à 6 ans Aménagements et équipements des espaces de vie du jeune enfant Hygiène et entretien des équipements Activité d'éveil et de jeux Accueil de la petite enfance Nutrition Préparation des repas Annales Programme complémentaire Le métier d'ATSEM : connaissances techniques Hygiène et Nutrition Développement de l'enfant et jeux Le cadre administratif et juridique de la France"" | Organisme | Centre européen de formation | Lieu de la formation | Formation a distance",,https://candidat.francetravail.fr/formations/detail/11122762/true/false/true/false,https://candidat.francetravail.fr/formations/recherche?filtreEstFormationEnCoursOuAVenir=formEnCours&filtreEstFormationTerminee=formEnCours&ou=DEPARTEMENT-03&range=110-119&tri=0,ok
03,CAP accompagnant éducatif petite enfance,Centre européen de formation,75004 Paris,Formation a distance | 75004 Paris | France,Durée de 1496 heures (dont 490 heures en entreprise),Prochaine session,https://plmpl.fr/c/zFjGj,info@cenef.fr,info@cenef.fr | service-prise-en-charge@cenef.fr,france_travail,100,0366060201,0366060201,Certifiante,Formation financée par France Travail,À distance,,"Le programme obligatoire de la formation est le suivant : BC01 - ACCOMPAGNER LE DEVELOPPEMENT DU JEUNE ENFANT Développement moteur de l'enfant Développement psychique de l'enfant Anomalies du développement de l'enfant Statut juridique de l'enfant et de la famille Protection sanitaire et sociale de l'enfant et de la famille Anatomie et Physiologie Maintien de l'intégrité de l'organisme Accidents et maladies infantiles Hygiène et confort de l'enfant de 0 à 6 ans BC02 - EXERCER SON ACTIVITE EN MILIEU COLLECTIF Aménagements et équipements des espaces de vie du jeune enfant Hygiène et entretien des équipements Information et communication Activités d'éveil et de jeux BC03 - EXERCER SON ACTIVITE EN ACCUEIL INDIVIDUEL Accueil de la petite enfance Nutrition et préparation des repas BC07 - PREVENTION SANTE ENVIRONNEMENT Prévention, santé, environnement, tome 1 Prévention, santé, environnement, tome 2 MATIERES GENERALES Français Mathématiques Sciences Histoire - Géographie - Enseignement moral et civiques Des cours facultatifs, conçus pour enrichir l'apprentissage de l'élève, sont prévus : Epreuves blanches EP1, EP2, EP3, PSE , Matières générales Livret assistante maternelle | Validation | Type de validation : | Diplôme autres ministères | Certification :",Type de validation : | Diplôme autres ministères | Certification : | CAP accompagnant éducatif petite enfance,https://candidat.francetravail.fr/formations/detail/11122788/true/false/true/false,https://candidat.francetravail.fr/formations/recherche?filtreEstFormationEnCoursOuAVenir=formEnCours&filtreEstFormationTerminee=formEnCours&ou=DEPARTEMENT-03&range=110-119&tri=0,ok
03,Préparation au concours d'ATSEM,AFEC (Siège),75004 Paris,Formation a distance | 75004 Paris | France,Durée de 385 heures (dont 105 heures en entreprise),Prochaine session,https://plmpl.fr/c/zFjGj,paris@afec.fr,paris@afec.fr,france_travail,100,0153368844,0153368844,,Formation financée par France Travail,À distance,,"Formation individualisée et accompagnée par un formateur coach dédié, comprenant les modules suivants Modules d'enseignement : - Accompagnement du développement de l'enfant de 2 à 6 ans - Préparation aux épreuves du concours - Examens blancs En complément de la formation : - Remise à niveau numérique - Plan d'action et bilan de formation - Posture professionnelle de l'ATSEM - Techniques de recherche d'emploi et de stage - Accompagnement à la suite de parcours | Organisme | AFEC (Siège) | Lieu de la formation | Formation a distance",,https://candidat.francetravail.fr/formations/detail/11124184/true/false/true/false,https://candidat.francetravail.fr/formations/recherche?filtreEstFormationEnCoursOuAVenir=formEnCours&filtreEstFormationTerminee=formEnCours&ou=DEPARTEMENT-03&range=110-119&tri=0,ok
03,Préparation à l'entrée en institut de formation d'aide-soignant,Leo Lagrange Formation,75004 Paris,Formation a distance | 75004 Paris | France,Durée de 207 heures (dont 35 heures en entreprise),Prochaine session,https://plmpl.fr/c/zFjGj,contact@ifra.fr,contact@ifra.fr,france_travail,100,0472892042,0472892042,,Formation financée par France Travail,À distance,,"Module 1 - Remise à niveau numérique préparatoireObjectifs : -Se connecter à une plateforme?de formation à distance -Se repérer et naviguer sur une plateforme de formation -Se connecter à une classe virtuelle avec micro et caméra Module 2 - Remise à niveau - FrançaisObjectif: Améliorer ses capacités rédactionnelles? rédiger, synthétiser, résumer, commenter Module 3 - Remise à niveau - MathématiquesObjectif: Utiliser les bases des mathématiques dans sa pratique professionnelle Module 4 - Remise à niveau - BiologieObjectif: Maîtriser les bases de la biologie nécessaires à l'entrée en école d'aide-soignant Module 5 - Compétences numériquesObjectif : Être autonome sur l'outil numérique Module 6 - Connaissance du secteur sanitaire et du métier d'aide-soignantObjectifs :Connaître son environnement professionnel -Connaître son futur métier Module 7 - La relation d'aideObjectif: Acquérir les bases de la communication pour bien travailler en équipe et prendre en charge les personnes accompagnées Module 8 - SoftskillsObjectifs: -Développer et savoir mobiliser ses savoir-être professionnels? faire preuve d'autonomie, travailler en équipe, organiser son travail, gérer son stress, avoir le sens du service... -Acquérir les gestes et postures professionnels en adéquation avec les attentes actuelles du marché de l'emploi Module 9 - Aide à l'admissionObjectifs:Anticiper son entrée en école d'aide-soignant -Savoir se présenter et présenter son projet professionnel Module 10 - Accompagnement à la recherche de stageObjectifs:Comprendre l'environnement professionnel -Rechercher une offre de stage -Préparer sa prise de contact Module 11 - Accompagnement au retour à l'emploiObjectifs:Être outillé pour réussir sa recherche d'emploi -Mettre à jour son profil compétencesModule 12 - Stage en entrepriseObjectif : Mieux appréhender l'environnement professionnel de la filière santé et soin | Organisme | Leo Lagrange Formation | Lieu de la formation | Formation a distance",,https://candidat.francetravail.fr/formations/detail/11128404/true/false/true/false,https://candidat.francetravail.fr/formations/recherche?filtreEstFormationEnCoursOuAVenir=formEnCours&filtreEstFormationTerminee=formEnCours&ou=DEPARTEMENT-03&range=110-119&tri=0,ok
03,Préparation à l'entrée en institut de formation d'infirmier,Leo Lagrange Formation,75004 Paris,Formation a distance | 75004 Paris | France,Durée de 228 heures (dont 35 heures en entreprise),Prochaine session,https://plmpl.fr/c/zFjGj,contact@ifra.fr,contact@ifra.fr,france_travail,100,0472892042,0472892042,,Formation financée par France Travail,À distance,,"Module 1- Remise à niveau numérique préparatoire Objectifs:Se connecter à une plateforme de formation -Se repérer et naviguer sur une plateforme de formation -Se connecter à une classe virtuelle avec micro et caméra Module 2 - Remise à niveau - Français Objectif: Améliorer ses capacités rédactionnelles? rédiger, synthétiser, résumer, commenter Module 3 - Remise à niveau - Mathématiques Objectif :Utiliser les bases des mathématiques dans sa pratique professionnelle Module 4 - Remise à niveau - Biologie Objectif :Maîtriser les bases de la biologie nécessaires à l'entrée en école d'infirmier Module 5 - Compétences numériques Objectif:Être autonome sur l'outil numérique Module 6 - Connaissance du secteur sanitaire, de la petite enfance et du métier d'auxiliaire de puériculture Objectif:Connaître son environnement professionnel -Connaître son futur métier Module 7 - La relation d'aide Objectif :Acquérir les bases de la communication pour bien prendre en charge les personnes Module 8 - Softskills Objectifs : -Développer et savoir mobiliser ses savoir-être professionnels? faire preuve d'autonomie, travailler en équipe, organiser son travail, gérer son stress, avoir le sens du service.Acquérir les gestes et postures professionnels en adéquation avec les attentes actuelles du marché de l'emploi Module 9 - Aide à l'admission Objectifs: -Anticiper son entrée en école d'infirmier -Savoir se présenter et présenter son projet professionnel Module 10 - Accompagnement à la recherche de stage Objectifs:Comprendre l'environnement professionnel -Rechercher une offre de stage -Préparer sa prise de contact Module 11 - Accompagnement au retour à l'emploi Objectifs: -Être outillé pour réussir sa recherche d'emploi -Mettre à jour son profil compétences? Stage en entrepriseObjectif: Mieux appréhender l'environnement professionnel de la filière santé et soin | Organisme | Leo Lagrange Formation | Lieu de la formation | Formation a distance",,https://candidat.francetravail.fr/formations/detail/11128411/true/false/true/false,https://candidat.francetravail.fr/formations/recherche?filtreEstFormationEnCoursOuAVenir=formEnCours&filtreEstFormationTerminee=formEnCours&ou=DEPARTEMENT-03&range=110-119&tri=0,ok
03,Préparation à l'entrée en institut de formation d'auxiliaire de puériculture,Leo Lagrange Formation,75004 Paris,Formation a distance | 75004 Paris | France,Durée de 207 heures (dont 35 heures en entreprise),Prochaine session,https://plmpl.fr/c/zFjGj,contact@ifra.fr,contact@ifra.fr,france_travail,100,0472892042,0472892042,,Formation financée par France Travail,À distance,,"MODULE 1 - Remise à niveau numérique préparatoire Objectifs : -Se connecter à une plateforme?de formation -Se repérer et naviguer sur une plateforme de formation -Se connecter à une classe virtuelle avec micro et caméra MODULE 2 - Remise à niveau - Français Objectif: Améliorer ses capacités rédactionnelles? rédiger, synthétiser, résumer, commenter MODULE 3 - Remise à niveau - Mathématiques Objectif : Utiliser les bases des mathématiques dans sa pratique professionnelle MODULE 4 - Remise à niveau - Biologie Objectif : Maîtriser les bases de la biologie nécessaires à l'entrée en école d'auxiliaire de puériculture MODULE 5 - Compétences numériques Objectifs: Être autonome sur l'outil numérique MODULE 6 - Connaissance du secteur sanitaire, de la petite enfance et du métier d'auxiliaire de puériculture Objectifs: -Connaître son environnement professionnel -Connaître son futur métier MODULE 7 - La relation d'aide Objectif: Acquérir les bases de la communication pour bien travailler en équipe et prendre en charge les enfants et leur famille MODULE 8 - Softskills Objectifs : -Développer et savoir mobiliser ses savoir-être professionnels? faire preuve d'autonomie, travailler en équipe, organiser son travail, gérer son stress, avoir le sens du service... -Acquérir les gestes et postures professionnels en adéquation avec les attentes actuelles du marché de l'emploi MODULE 9 - Aide à l'admission Objectifs : -Anticiper son entrée en école d'auxiliaire de puériculture -Savoir se présenter et présenter son projet professionnel MODULE 10 - Accompagnement à la recherche de stage Objectifs :Comprendre l'environnement professionnel -Rechercher une offre de stage -Préparer sa prise de contact MODULE 11 - Accompagnement au retour à l'emploi Objectifs : -Être outillé pour réussir sa recherche d'emploi -Mettre à jour son profil compétences? Stage en entreprise Objectif : Mieux appréhender l'environnement professionnel de la filière santé et soin | Organisme | Leo Lagrange Formation | Lieu de la formation | Formation a distance",,https://candidat.francetravail.fr/formations/detail/11128426/true/false/true/false,https://candidat.francetravail.fr/formations/recherche?filtreEstFormationEnCoursOuAVenir=formEnCours&filtreEstFormationTerminee=formEnCours&ou=DEPARTEMENT-03&range=110-119&tri=0,ok
03,BP option aménagements paysagers,EPLEFPA Chambéry La Motte-Servolex (Savoie) (EPLEFPA - Lycée agricole Reinach),75004 Paris,Formation a distance | 75004 Paris | France,Durée de 991 heures (dont 420 heures en entreprise),Prochaine session,https://plmpl.fr/c/zFjGj,epl.la-motte-servolex@educagri.fr,epl.la-motte-servolex@educagri.fr | cecile.iribarne@educagri.fr,france_travail,100,0479264427,0479264427,Certifiante,Formation financée par France Travail,À distance,,Référentiel RNCP - Code RNCP 38314 - est organisé autour de 6 blocs de compétences : - C1 - Se situer en tant que professionnel - C2 - Organiser le travail d'un chantier d'aménagement paysager - C3 - Réaliser les interventions de mise en place des végétaux - C4 - Réaliser les interventions d'entretien des végétaux - C5 - Mettre en place les infrastructures - UCARE - Mettre en place un jardin vivrier | Validation | Type de validation : | Diplôme autres ministères | Certification :,Type de validation : | Diplôme autres ministères | Certification : | BP option aménagements paysagers,https://candidat.francetravail.fr/formations/detail/11200732/true/false/true/false,https://candidat.francetravail.fr/formations/recherche?filtreEstFormationEnCoursOuAVenir=formEnCours&filtreEstFormationTerminee=formEnCours&ou=DEPARTEMENT-03&range=110-119&tri=0,ok
03,CAP Fleuriste,Centre européen de formation,75004 Paris,Formation a distance | 75004 Paris | France,Durée de 1296 heures (dont 560 heures en entreprise),Prochaine session,https://plmpl.fr/c/zFjGj,info@cenef.fr,info@cenef.fr | service-prise-en-charge@cenef.fr,france_travail,100,0366060201,0366060201,Certifiante,Formation financée par France Travail,À distance,,"Le programme obligatoire de la formation est le suivant :BC01 - PREPARER LES PRODUITS, LES VEGETAUX ET REALISER UNE COMPOSITION FLORALEReconnaître les végétauxRéceptionner et conditionner les marchandisesRespecter les règles de sécuritéConnaître les techniques fondamentalesRéaliser des arrangements florauxAppliquer les règles de compositionSavoir harmoniserBC02 - VENDRE, CONSEILLER LE CLIENT ET METTRE EN VALEUR L'OFFREVendre des produits et conseiller le clientProposer des services et fidéliserMaintenir l'attractivité du point de venteCommuniquerConnaitre l'environnement éco juridique et social des activités professionnellesBC03 - PREVENTION SANTE ENVIRONNEMENTPrévention, santé, environnement, tome 1Prévention, santé, environnement, tome 2ANGLAIS (pour les élèves non dispensés)AnglaisMATIERES GENERALES (pour les élèves non dispensés)FrançaisMathématiquesSciencesHistoire - Géographie - Enseignement moral et civiquesDes cours facultatifs, conçus pour enrichir l'apprentissage de l'élève, sont prévus :Epreuves blanches EP1 , EP2 , PSE , Matières généralesFiches des végétaux | Validation | Type de validation : | Diplôme autres ministères | Certification :",Type de validation : | Diplôme autres ministères | Certification : | CAP fleuriste,https://candidat.francetravail.fr/formations/detail/11200737/true/false/true/false,https://candidat.francetravail.fr/formations/recherche?filtreEstFormationEnCoursOuAVenir=formEnCours&filtreEstFormationTerminee=formEnCours&ou=DEPARTEMENT-03&range=110-119&tri=0,ok
02,E2C - Ecole de la Deuxième Chance,Ecole de la Deuxième Chance Grand Hainaut,02140 Vervins,Ecole de la deuxième chance - site de VERVINS | 3 Place des Anciens Combattants | 02140 Vervins | France,Durée de 1400 heures (dont 500 heures en entreprise),Prochaine session,https://plmpl.fr/c/zFjGj,c.renaud@e2cgrandhainaut.fr,c.renaud@e2cgrandhainaut.fr,france_travail,100,0375310010,0375310010,,Formation financée par la région,En centre,,"Savoir fondamentauxOrientation et démarches professionnelsSocialisation et développement personnelAlternance en entreprise (près de 30% du temps)Des outils pédagogiques de liaison, d'évaluation et de suivi9 mois maximum + 12 mois de suivi post-parcours | Organisme | Ecole de la Deuxième Chance Grand Hainaut | Lieu de la formation | Ecole de la deuxième chance - site de VERVINS",,https://candidat.francetravail.fr/formations/detail/11072382/true/false/false/true,https://candidat.francetravail.fr/formations/recherche?filtreEstFormationEnCoursOuAVenir=formEnCours&filtreEstFormationTerminee=formEnCours&ou=DEPARTEMENT-02&range=110-119&tri=0,ok
69,Préparation au concours d'adjoint administratif d'État principal de 2ème classe,"Skill and you (Skill and You, Be academie, Cours Minerve, Cours Servais, Deficompta, Ecole chez soi, Ecole des pros, Educatel, ESECAD, Fashion skills, IFSA, Karis Formations, Lignes et formations, Naturadis, Eric Kayser school)",75004 Paris,Formation a distance | 75004 Paris | France,Durée de 335 heures (dont 35 heures en entreprise),Prochaine session,https://plmpl.fr/c/zFjGj,foad@skillandyou.com,foad@skillandyou.com,france_travail,100,0146006878,0146006878,,Formation financée par France Travail,À distance,,"Votre intégration - Guide d'intégration - Bienvenue dans votre formation - Guide Métier Adjoint administratif d'État principal de 2ème classe - Guide de la formation - Guide des épreuves - Le concours d'adjoint administratif d'État principal de 2ème classe Aide à la réalisation de vos documents professionnels Compléter votre livret de suivi des compétences professionnelles Retranscrire et ordonner les idées principales d'un texte Annales corrigées Épreuves blanches Solliciter les connaissances fondamentales pour le concours Comprendre l'administration française Comprendre le fonctionnement des institutions françaises Acquérir des connaissances en français Acquérir une bonne culture générale Mathématiques Les tests d'aptitudes verbales Annales corrigées Épreuves blanches Mobiliser les compétences professionnelles de l'adjoint administratif d'État Bureautique Épreuves blanches Techniques et recherche d'emploi/stage Sensibilisation au développement durable | Organisme | Skill and you (Skill and You, Be academie, Cours Minerve, Cours Servais, Deficompta, Ecole chez soi, Ecole des pros, Educatel, ESECAD, Fashion skills, IFSA, Karis Formations, Lignes et formations, Naturadis, Eric Kayser school) | Lieu de la formation | Formation a distance",,https://candidat.francetravail.fr/formations/detail/11205913/true/false/true/true,https://candidat.francetravail.fr/formations/recherche?filtreEstFormationEnCoursOuAVenir=formEnCours&filtreEstFormationTerminee=formEnCours&ou=DEPARTEMENT-69&range=10-19&tri=0,ok
69,Certification CLOE français langue étrangère - spécialité hôtellerie Restauration niveau A2 vers B1 (FOAD),Nepsod Evolution,75004 Paris,Formation a distance | 75004 Paris | France,Durée de 331 heures (dont 35 heures en entreprise),Prochaine session,https://plmpl.fr/c/zFjGj,accueil@nepsod.com,accueil@nepsod.com,france_travail,100,0474639587,0474639587,Certifiante,Formation financée par France Travail,À distance,,"Accueil et initiation à la formation (1h30) - Module FLE visée insertion professionnelle : chercher un emploi, présenter son métier, présenter ses projets, interagir avec ses collègues, manipuler les outils numériques (120h30) - Module FOS Hôtellerie Restauration :découvrir la cuisine, travailler en cuisine, identifier les besoins d'un client, présenter des produits et services, gérer les réclamations (50h) Module environnement social et culturel : vie quotidienne et relations sociales, loisirs, patrimoine, citoyenneté et engagement (43h) Module Préparation et recherche de stage en entreprise (14h) Période de stage en entreprise (35 h) Module remise à niveau numérique (35 h maximum) Module accompagnement à l'après-formation (21h maximum) Module Préparation et passage de la certification CLOE (10h) Bilan final (1h) | Validation | Type de validation : | Diplôme autres ministères | Certification :",Type de validation : | Diplôme autres ministères | Certification : | Certification CLOE français langue étrangère,https://candidat.francetravail.fr/formations/detail/11576792/true/false/true/false,https://candidat.francetravail.fr/formations/recherche?filtreEstFormationEnCoursOuAVenir=formEnCours&filtreEstFormationTerminee=formEnCours&ou=DEPARTEMENT-69&range=10-19&tri=0,ok
69,Diplôme d'État d'infirmier(ière) - DEI,Croix Rouge Française - Institut Régional de Formation Sanitaire et Sociale Auvergne-Rhône-Alpes (Croix-Rouge Compétence Auvergne-Rhône-Alpes - Site St Etienne),69003 Lyon 3e,115 Avenue Lacassagne | 69003 Lyon 3e | France,Durée de 4200 heures (dont 2100 heures en entreprise),Prochaine session,https://plmpl.fr/c/zFjGj,competence.ara@croix-rouge.fr,competence.ara@croix-rouge.fr | lyon.competence-ara@croix-rouge.fr,france_travail,100,0472115560,0472115560,Certifiante,Formation financée par la région,En centre,,"La formation comprend 36 matières réparties dans 59 unités d'enseignements. Les unités d'enseignements couvrent 6 champs : sciences humaines, sociales et droit sciences biologiques et médicales sciences et techniques infirmières, fondements et méthodes sciences et techniques infirmières, interventions intégration des savoirs et posture professionnelle infirmière méthodes de travail (bureautique,recherche documentaire, rédaction de documents écrits, communication, anglais) La formation dure trois ans. Les enseignements sont répartis de la manière suivante : la formation théorique de1 800h, sous la forme de cours magistraux (750 h) travaux dirigés (1 050 h) le travail personnel guidé (suivi pédagogique, temps personnel guidé, supervision, travaux entre étudiants- 300 h) la formation clinique de 2 100 h le travail personnel complémentaire est estimé à 900 heures environ, soit 300 h par an. | Validation | Type de validation : | Diplôme autres ministères | Certification :",Type de validation : | Diplôme autres ministères | Certification : | Diplôme d'État d'infirmier(ière),https://candidat.francetravail.fr/formations/detail/11533526/true/false/false/false,https://candidat.francetravail.fr/formations/recherche?filtreEstFormationEnCoursOuAVenir=formEnCours&filtreEstFormationTerminee=formEnCours&ou=DEPARTEMENT-69&range=10-19&tri=0,ok
69,Diplôme d'État de technicien de laboratoire médical,Association des Fondateurs et Protecteurs de l'Institut Catholique de Lyon (AFPICL) (UCLy - Institut Catholique de Lyon),69002 Lyon 2e,10 place des Archives | 69002 Lyon 2e | France,Durée de 1120 heures,Prochaine session,https://plmpl.fr/c/zFjGj,fp@univ-catholyon.fr,fp@univ-catholyon.fr,france_travail,100,0472325134,0472325134,Certifiante,Formation financée par la région,En centre,,,Type de validation : | Diplôme autres ministères | Certification : | Diplôme d'État de technicien de laboratoire médical,https://candidat.francetravail.fr/formations/detail/11026378/true/false/false/false,https://candidat.francetravail.fr/formations/recherche?filtreEstFormationEnCoursOuAVenir=formEnCours&filtreEstFormationTerminee=formEnCours&ou=DEPARTEMENT-69&range=10-19&tri=0,ok
69,Diplôme d'État d'ambulancier,Institut de Formation aux Carrières de Santé - Secteur Est des Hospices civils de Lyon (Institut de Formation aux Carrières de Santé - Secteur Est des Hospices civils de Lyon (IFCS - HCL)),69003 Lyon 3e,5 Avenue Esquirol | 69003 Lyon 3e | France,Durée de 801 heures (dont 245 heures en entreprise),Prochaine session,https://plmpl.fr/c/zFjGj,magaly.lebrat@chu-lyon.fr,magaly.lebrat@chu-lyon.fr,france_travail,100,0472117903,0472117903,Certifiante,Formation financée par la région,En centre,,Non renseigne | Validation | Type de validation : | Diplôme autres ministères | Certification :,Type de validation : | Diplôme autres ministères | Certification : | Diplôme d'État d'ambulancier,https://candidat.francetravail.fr/formations/detail/11871421/true/false/false/false,https://candidat.francetravail.fr/formations/recherche?filtreEstFormationEnCoursOuAVenir=formEnCours&filtreEstFormationTerminee=formEnCours&ou=DEPARTEMENT-69&range=0-9&tri=0,ok
69,Agent de prévention et de sécurité - Titre à finalité professionnelle (TFP APS),Global pro formation (Global pro formation (GPF)),69100 Villeurbanne,Blue Concept | 16 Rue Marcel Dutartre | 69100 Villeurbanne | France,Durée de 379 heures (dont 70 heures en entreprise),Prochaine session,https://plmpl.fr/c/zFjGj,globalproformation@gmail.com,globalproformation@gmail.com,france_travail,100,0666139535,0666139535,Certifiante,Formation financée par France Travail,En centre,,"Théorie : SST : Protéger, Examiner (saignement, étouffement, conscience et respiration) et alerter (alerte et message d'accueil) La déontologie de l'agent de sécurité Les services publics de police et gendarmerie, le CNAPS Le cadre légal de la profession, le code pénal et le code de procédure pénale La sûreté de l'État Les armes Mise en sûreté et neutralisation des armes Prévention et actes terrorisme L'accueil, le contrôle d'accès, le contrôle visuel et la palpation de sécurité La prise en compte d'un poste de contrôle de sécurité et les consignes La protection du travailleur Isolé Le circuit de vérification La gestion des alarmes intrusion et incendie, la vidéo et la télésurveillance (surveillance et gardiennage) Les techniques d'information, de communication et la gestion des conflits L'incendie et les risques majeurs Le risque électrique (initiation) Le cadre légal et la problématique de l'activité d'événementiel La définition du terrorisme (historique, mécanisme, méthodologie et modes opératoires) Les différentes menaces terroristes et les niveaux de risque associés La prévention des actes de terrorisme par la reconnaissance des comportements suspects (profiling) et de la radicalisation violente L'action en cas d'attaque et suivant le type d'attaque (actes réflexes, mesures de mise en sécurité immédiate) Le combat en dernier recours L'alerte et la facilitation de l'intervention des forces de l'ordre La sécurisation d'une zone dans l'urgence, risque de sur-attentat et post-attentat. Pratique : Mise en pratique SST CQP APS: Code de la sécurité intérieure Code pénal et libertés publiques Déontologie professionnelle Secours à personnes (SST) Situations conflictuelles et résolution de conflit Consignes, compte rendu et rapport Gestion des risques majeurs, électriques, incendie Gestion d'alarmes Technique d'information et de communication Préparation d'une mission Gestion de conflit Contrôle d'accès Poste de contrôle de sécurité Rondes Palpation de sécurité et inspection de bagages Télésurveillance et vidéo protection Sensibilisation aux risques terroristes Examen : en cours de formation UV 1 (secourisme) : le candidat sera déclaré apte ou inapte en fonction des résultats de la grille d'évaluation conforme aux procédures de validation de l'INRS. | Validation | Type de validation : | Titre inscrit sur demande au RNCP | Certification :",Type de validation : | Titre inscrit sur demande au RNCP | Certification : | Agent de prévention et de sécurité,https://candidat.francetravail.fr/formations/detail/11870188/true/false/false/false,https://candidat.francetravail.fr/formations/recherche?filtreEstFormationEnCoursOuAVenir=formEnCours&filtreEstFormationTerminee=formEnCours&ou=DEPARTEMENT-69&range=10-19&tri=0,ok
69,"Diplôme d'Etat de la Jeunesse de l'Education Populaire et du Sport spécialité ""animation socio-éducative ou culturelle mention ""coordination de projets"" - RNCP 39930 spécialité ""animation socio-éducative ou culturel mention ""coordination de projets",Association régionale pour la formation au travail socio-éducatif et aux métiers de l'animation,69100 Villeurbanne,1 Rue Charny | 69100 Villeurbanne | France,Durée de 1200 heures (dont 500 heures en entreprise),Prochaine session,https://arfatsema.catalogueformpro.com/3/dejeps-17/2857880/diplome-detat-de-la-jeunesse-de-leducation-populaire-et-du-sport-dejeps-17-specialite-animation-soci/registration?session_id=2846144,arfatsema.direction@orange.fr,arfatsema.direction@orange.fr,france_travail,100,0478031711,0478031711,Certifiante,Formation financée par un Opérateur de Compétences mandaté par les branches professionnelles concernées,En centre,,"BC1: Animer et accompagner une équipe dans le champ du sport ou de l'animation Animer une équipe en structure d'éducation populaire : enjeux éthiques, valeurs et spécificités Réaliser un diagnostic des ressources humaines de son périmètre d'intervention Animer une équipe en structure d'éducation populaire : organisation, cadre légal, réglementation et procédures Diversité et inclusion : analyser les besoins et mettre en place une organisation adaptée Management participatif : développer le pouvoir d'agir d'une équipe Management participatif : outils et pratiques Accompagner une équipe: médiation et gestion de conflits Accompagner une équipe : émancipation et développement de l'autonomie Dynamique de groupe Animer un processus démocratique Projet d'action formative et conception de séance formative Droit du travail/Droit social Communication non violente Outils d'animation collective Outils d'accompagnement individuel Accompagner la vulnérabilité Dialogue social et syndical Responsabilité du coordinateur Introduction à la sociologie par la pratique : l'oeil et l'oreille vous avez dit posture? BC2: Concevoir un projet d'action dans le domaine de l'animation socio-éducative, culturelle et/ou sportive Education Populaire Rapport de domination Le numérique comme un fait social Esprit critique Culture politique Démocratie et contre pouvoir Pouvoir d'agir ou devoir d'agir? Diagnostic et enjeux De l'attribution d'une place à une culture de la participation Famille et éducation Connaissance des institutions publics et relation aux association ingéniérie sociale Portrait de territoire Mesure de l'impact social BC3 : Mettre en oeuvre et évaluer un projet d'action Introduction à la sociologie par la pratique : l'oeil et l'oreille vous avez dit posture? Penser et structurer son action dans la complexité : à la découverte de l'entrainement mental Ingéniérie de projet Mesure de l'impact social Accompagner la vulnérabilité La protection de l'Enfance en France Outils participatifs Intelligence artificielle et fonction de coordination BC4 : Développer les partenariats opérationnelles et contribuer aux dynamiques institutionnelles dans le domaine de l'animation socio- éducative, culturelle et/ou sportive Introduction à la sociologie par la pratique : l'oeil et l'oreille vous avez dit posture? Connaissance des institutions publics et relation aux associations Démocratie et contre pouvoir Penser et structurer son action dans la complexité : à la découverte de l'entrainement mental Ingéniérie sociale Outils participatifs | Validation | Type de validation : | Diplôme autres ministères | Certification :",Type de validation : | Diplôme autres ministères | Certification : | DEJEPS spécialité animation socio-éducative ou culturelle mention coordination de projets,https://candidat.francetravail.fr/formations/detail/11880827/true/false/false/false,https://candidat.francetravail.fr/formations/recherche?filtreEstFormationEnCoursOuAVenir=formEnCours&filtreEstFormationTerminee=formEnCours&ou=DEPARTEMENT-69&range=10-19&tri=0,ok
69,"Créez votre vignoble bio de raisin de table, rentable et résilient - Devenez autonome pour produire et vendre votre propre raisin de table bio",SARL Agri-learn éditions,69001 Lyon,Formation a distance | 69001 Lyon | France,Durée de 9 heures,Prochaine session,https://plmpl.fr/c/zFjGj,fanny@agrilearn.fr,fanny@agrilearn.fr,france_travail,100,0620021214,0620021214,,Formation financée par un Opérateur de Compétences mandaté par les branches professionnelles concernées,À distance,,"1. Taille de la vigne Principes de taille (formation et production) Techniques de taille douce Entretien et corrections2. Modes de conduite Choix du système (lyre, gable, plan vertical. Comparaison des conduites Adaptation au contexte pédoclimatique3. Fertilité des sols Gestion du sol (travail / non-travail) Irrigation Maintien de la fertilité en bio4. Travaux du vignoble Protection contre maladies et ravageurs Calendrier des interventions Conduite sous abri (tunnel)5. Choix des plants Sélection des variétés Choix du porte-greffe Adaptation au marché et au terroir6. Plantation Préparation du sol Étapes de plantation Coûts et organisation7. Récolte et commercialisation Récolte et conservation Organisation du travail Valorisation et vente8. Protection du vignoble en bio Biocontrôle et PNPP Réduction des intrants Stratégies alternatives9. Gestion des maladies et ravageurs Identification des principaux risques Prévention et lutte adaptée10. Pilotage des traitements Stratégie cuivre / soufre Optimisation des doses11. Approche agroécologique Biodiversité fonctionnelle Variétés résistantes | Organisme | SARL Agri-learn éditions | Lieu de la formation | Formation a distance",,https://candidat.francetravail.fr/formations/detail/11870193/true/false/false/false,https://candidat.francetravail.fr/formations/recherche?filtreEstFormationEnCoursOuAVenir=formEnCours&filtreEstFormationTerminee=formEnCours&ou=DEPARTEMENT-69&range=0-9&tri=0,ok
69,BPJEPS spécialité éducateur sportif mention activités aquatiques et de la natation,UCPA Formation,69200 Vénissieux,16 Avenue Dr Georges Levy | 69200 Vénissieux | France,Durée de 1267 heures (dont 637 heures en entreprise),Prochaine session,https://plmpl.fr/c/zFjGj,ucpa-formation@ucpa.asso.fr,ucpa-formation@ucpa.asso.fr | fgehant@ucpa.asso.fr,france_travail,100,0642833617,0642833617,Certifiante,Formation financée par la région,En centre,,"Unité capitalisable (UC) - 1. Encadrer tout public dans tout lieu et toute structureUnité capitalisable (UC) - 2. Mettre en œuvre un projet d'animation s'inscrivant dans le projet de la structureUnité capitalisable (UC) - 3. Conduire une séance, un cycle d'animation ou d'apprentissage dans le champ des activités aquatiques et de la natationUnité capitalisable (UC) - 4. Mobiliser les techniques des activités aquatiques et de la natation pour mettre en œuvre une séance ou un cycle d'apprentissage | Validation | Type de validation : | Diplôme autres ministères | Certification :",Type de validation : | Diplôme autres ministères | Certification : | BPJEPS spécialité éducateur sportif mention activités aquatiques et de la natation,https://candidat.francetravail.fr/formations/detail/11447001/true/false/false/false,https://candidat.francetravail.fr/formations/recherche?filtreEstFormationEnCoursOuAVenir=formEnCours&filtreEstFormationTerminee=formEnCours&ou=DEPARTEMENT-69&range=0-9&tri=0,ok
69,Diplôme d'État d'aide-soignant - DEAS,Croix Rouge Française - Institut Régional de Formation Sanitaire et Sociale Auvergne-Rhône-Alpes (Croix-Rouge Compétence Auvergne-Rhône-Alpes - Site St Etienne),69003 Lyon 3e,Croix-Rouge Compétence Auvergne-Rhône-Alpes - Site de Lyon | 115 Avenue Lacassagne | 69003 Lyon 3e | France,Durée de 1540 heures (dont 770 heures en entreprise),Prochaine session,https://www.croix-rouge.fr/formation-professionnelle?region=auvergne_rhone_alpes&type=formation_diplomante_et_certifiante&search=aide-soignant,competence.ara@croix-rouge.fr,competence.ara@croix-rouge.fr | lyon.competence-ara@croix-rouge.fr,france_travail,100,0472115560,0472115560,Certifiante,Formation financée par la région,En centre,,"La formation conduisant au diplôme d'État d'aide-soignant, 17 semaines d'enseignement théoriques organisées autour de 8 modules : Accompagnement d'une personne dans les activités de la vie quotidienne L'état clinique d'une personne Les soins Ergonomie Relation Communication Hygiène des locaux hospitaliers Transmission des informations Organisation du travail Les titulaires du DE d'auxiliaire de puériculture, du DE d'aide médico-psychologique, du DE d'auxiliaire de vie sociale ou de la MC aide à domicile, sont dispensés de certaines unités de formation. La formation comprend également 6 stages d'une durée totale de 24 semaines en milieu hospitalier ou extra-hospitalier. Possibilité d'effectuer la formation en initial ou en apprentissage. | Validation | Type de validation : | Diplôme autres ministères | Certification :",Type de validation : | Diplôme autres ministères | Certification : | Diplôme d'État d'aide-soignant,https://candidat.francetravail.fr/formations/detail/11533549/true/false/false/true,https://candidat.francetravail.fr/formations/recherche?filtreEstFormationEnCoursOuAVenir=formEnCours&filtreEstFormationTerminee=formEnCours&ou=DEPARTEMENT-69&range=0-9&tri=0,ok
69,Diplôme d'État d'infirmier(ière),Institut de Formation aux Carrières de Santé - Secteur Est des Hospices civils de Lyon (Institut de Formation aux Carrières de Santé - Secteur Est des Hospices civils de Lyon (IFCS - HCL)),69003 Lyon 3e,5 Avenue Esquirol | 69003 Lyon 3e | France,Durée de 4200 heures (dont 2100 heures en entreprise),Prochaine session,https://plmpl.fr/c/zFjGj,magaly.lebrat@chu-lyon.fr,magaly.lebrat@chu-lyon.fr,france_travail,100,0472117979,0472117979,Certifiante,Formation financée par la région,En centre,,,Type de validation : | Diplôme autres ministères | Certification : | Diplôme d'État d'infirmier(ière),https://candidat.francetravail.fr/formations/detail/11817055/true/false/false/false,https://candidat.francetravail.fr/formations/recherche?filtreEstFormationEnCoursOuAVenir=formEnCours&filtreEstFormationTerminee=formEnCours&ou=DEPARTEMENT-69&range=0-9&tri=0,ok
69,Diplôme d'État d'assistant de service social - DE ASS,Croix Rouge Française - Institut Régional de Formation Sanitaire et Sociale Auvergne-Rhône-Alpes (Croix-Rouge Compétence Auvergne-Rhône-Alpes - Site St Etienne),69003 Lyon 3e,Croix-Rouge Compétence Auvergne-Rhône-Alpes - Site de Lyon | 115 avenue Lacassagne | Croix Rouge francaise | 69003 Lyon 3e | France,Durée de 3420 heures (dont 1680 heures en entreprise),Prochaine session,https://www.croix-rouge.fr/formation-professionnelle?region=auvergne_rhone_alpes&type=formation_diplomante_et_certifiante&search=assistant%20de%20service%20social,competence.ara@croix-rouge.fr,competence.ara@croix-rouge.fr | lyon.competence-ara@croix-rouge.fr,france_travail,100,0472115560,0472115560,Certifiante,Formation financée par la région,En centre,,,Type de validation : | Diplôme autres ministères | Certification : | Diplôme d'État d'assistant de service social,https://candidat.francetravail.fr/formations/detail/11672249/true/false/false/false,https://candidat.francetravail.fr/formations/recherche?filtreEstFormationEnCoursOuAVenir=formEnCours&filtreEstFormationTerminee=formEnCours&ou=DEPARTEMENT-69&range=0-9&tri=0,ok
69,Diplôme d'État d'éducateur spécialisé,"Association Régionale pour la Formation, la Recherche et l'Innovation en Pratiques Sociales (ARFRIPS - Association Régionale pour la Formation, la Recherche et l'Innovation en Pratiques Sociales)",69009 Lyon 9e,10 Impasse Pierre Baizet | 69009 Lyon 9e | France,Durée de 3442 heures (dont 1925 heures en entreprise),Prochaine session,https://plmpl.fr/c/zFjGj,info@arfrips.fr,info@arfrips.fr,france_travail,100,0478699090,0478699090,Certifiante,Formation financée par la région,En centre,,,Type de validation : | Diplôme autres ministères | Certification : | Diplôme d'État d'éducateur spécialisé,https://candidat.francetravail.fr/formations/detail/11737248/true/false/false/false,https://candidat.francetravail.fr/formations/recherche?filtreEstFormationEnCoursOuAVenir=formEnCours&filtreEstFormationTerminee=formEnCours&ou=DEPARTEMENT-69&range=10-19&tri=0,ok
69,"DESJEPS spécialité animation socio-éducative, culturelle et/ou sportive mention direction de structure et de projet - RNCP 39931 - spécialité animation socio-éducative, culturelle et/ou sportive mention direction de structure et de projet",Association régionale pour la formation au travail socio-éducatif et aux métiers de l'animation,69100 Villeurbanne,1 Rue Charny | 69100 Villeurbanne | France,Durée de 1200 heures (dont 500 heures en entreprise),Prochaine session,https://arfatsema.catalogueformpro.com/2/desjeps-17/2858060/desjeps-17-diplome-detat-superieur-de-la-jeunesse-de-leducation-populaire-et-du-sport-specialite-ani,arfatsema.direction@orange.fr,arfatsema.direction@orange.fr,france_travail,100,0478031711,0478031711,Certifiante,Formation financée par un Opérateur de Compétences mandaté par les branches professionnelles concernées,En centre,,"BC1 : Construire, avec les instances de gouvernance, la stratégie de développement d'une structure dans le domaine de l'animation socio- éducative, culturelle et/ou sportive Éducation Populaire Culture Politique Rapport de domination Pouvoir d'Agir et Vulnérabilité Esprit critique Transformation social/rapport sociaux Le numérique comme un fait social Nouvel esprit du capitalisme Laicité et valeurs de la République Violence sexiste violences sexuelles Ingénierie social en lien avec la structure Réaliser un diagnostic RH et financier Penser et structurer son action dans la complexité : à la découverte de l'entrainement mental Elaboration de la stratégie de développement en lien avec les instances de gouvernance Animer un processus démocratique Démocratie et contre pouvoir BC2 : Concevoir et diriger un projet de développement de la structure Cartographie des relations et l'environnement de son association Ingénierie du projet Processus d'évaluation dans une démarche partagée et participative Outils participatifs Outils de communication Utilité sociale BC3 : Manager l'équipe et gérer les ressources humaines ( et la démarche Qualité, Sécurité, Santé au Travail et Environnement d'une structure dans le domaine de l'animation socio-éducative, culturelle et/ou sportive Gestion des ressources humaines en structures d'éducation populaire : enjeux, éthique et complexités associative Articulation employeur bénévole - direction dans la gestion des ressources humaines : définition d'une politique RH et organisation des délégations de pouvoir Gérer l'équipe au quotidien : accompagnement, régulation et gestion conflits Analyse des pratiques en co-développement Développer le pouvoir d'agir des salariés Attractivité, recrutement, intégration et fidélisation des salariés Diversité, inclusion et égalité professionnelle au sein de son organisation Assurer la GPEC, la formation et la gestion des carrières dans un alignement éthique Le financement de la formation professionnelle Qualité de vie Santé sécurité au travail Droit du travail/Droit social Dialogue social/dialogue syndical Cadre général des RPS Démarche prévention et outils BC4 : Assurer la gestion financière, matérielle et administrative d'une structure dans le domaine de l'animation socio-éducative, culturelle et/ou sportive Comprendre les fondamentaux de la situation financière Initiation à l'analyse financière associative ou de structure d'intérêt général Identifier les leviers de financement Construire des scénarios budgétaires et faire des arbitrages Élaborer un plan d'action financier | Validation | Type de validation : | Diplôme autres ministères | Certification :","Type de validation : | Diplôme autres ministères | Certification : | DESJEPS spécialité animation socio-éducative, culturelle et/ou sportive mention direction de structure et de projet",https://candidat.francetravail.fr/formations/detail/11880835/true/false/false/false,https://candidat.francetravail.fr/formations/recherche?filtreEstFormationEnCoursOuAVenir=formEnCours&filtreEstFormationTerminee=formEnCours&ou=DEPARTEMENT-69&range=10-19&tri=0,ok
69,"Créer sa ferme en circuit court : transformation, commercialisation et communication",SARL Agri-learn éditions,69001 Lyon,Formation a distance | 69001 Lyon | France,Durée de 20 heures,Prochaine session,https://plmpl.fr/c/zFjGj,fanny@agrilearn.fr,fanny@agrilearn.fr,france_travail,100,0620021214,0620021214,,Formation financée par un Opérateur de Compétences mandaté par les branches professionnelles concernées,À distance,,"Cette formation s'appuie sur plusieurs compétences essentielles : Stratégie commerciale et étude de marché : définir son offre, ses volumes, ses prix et ses circuits de vente Techniques de vente : maîtriser les étapes clés pour convaincre et fidéliser les clients Transformation des produits agricoles : valoriser ses matières premières pour créer de la valeur ajoutée Hygiène et réglementation : garantir la sécurité sanitaire dans les ateliers de transformation Communication et prospection : développer sa clientèle et promouvoir ses produits Valorisation des produits : savoir parler de ses produits et les mettre en avant (ex : dégustation) L'ensemble permet d'acquérir une vision globale du fonctionnement d'une ferme en circuit court, de la production jusqu'à la vente. 3 heures de visio avec les experts sont prévues dans le cursus. | Organisme | SARL Agri-learn éditions | Lieu de la formation | Formation a distance",,https://candidat.francetravail.fr/formations/detail/11880868/true/false/false/false,https://candidat.francetravail.fr/formations/recherche?filtreEstFormationEnCoursOuAVenir=formEnCours&filtreEstFormationTerminee=formEnCours&ou=DEPARTEMENT-69&range=10-19&tri=0,ok
69,Titre professionnel administrateur d'infrastructures sécurisées (FOAD),STUDI,75004 Paris,Formation a distance | 75004 Paris | France,Durée de 947 heures (dont 350 heures en entreprise),Prochaine session,https://plmpl.fr/c/zFjGj,contact@studi.fr,contact@studi.fr | conseiller-formation.aoft@studi.fr,france_travail,100,0174888555,0174888555,Certifiante,Formation financée par France Travail,À distance,,Administrer et sécuriser les infrastructures Les bonnes pratiques dans l'administration des infrastructures Utiliser un logiciel de gestion centralisé : GLPI Configurer le routage Administrer et sécuriser le réseau Automatiser les tâches d'administration Administrer et sécuriser les systèmes Les bases des serveurs virtualisés Administrer et sécuriser une infrastructure de serveurs virtualisée Gérer des containersConcevoir et mettre en œuvre une solution en réponse à un besoin d'évolution Les bases des solutions techniques Proposer une solution informatique répondant à des besoins nouveaux Mettre en production des évolutions de l'infrastructure Les bases de la supervision Superviser la disponibilité de l'infrastructure et en présenter les résultats Mesurer les performances et la disponibilité de l'infrastructureParticiper à la gestion de la cybersécurité Les bases de la cybersécurité Participer à la mesure et à l'analyse du niveau de sécurité de l'infrastructure Participer à l'élaboration et à la mise en œuvre de la politique de sécurité Participer à la détection et au traitement des incidents de sécurité | Validation | Type de validation : | Diplôme autres ministères | Certification :,Type de validation : | Diplôme autres ministères | Certification : | Titre professionnel administrateur d'infrastructures sécurisées,https://candidat.francetravail.fr/formations/detail/11590088/true/false/true/false,https://candidat.francetravail.fr/formations/recherche?filtreEstFormationEnCoursOuAVenir=formEnCours&filtreEstFormationTerminee=formEnCours&ou=DEPARTEMENT-69&range=10-19&tri=0,ok
